{
  "b": 255,
  "disableInputWhenNotFocused": true,
  "mangledName": "blackwhite",
  "name": "blackwhite",
  "r": 255,
  "standardSortMethod": true,
  "stopSoundsOnStartup": true,
  "title": "",
  "v": 255,
  "uiSettings": {
    "grid": false,
    "gridType": "rectangular",
    "gridWidth": 32,
    "gridHeight": 32,
    "gridOffsetX": 0,
    "gridOffsetY": 0,
    "gridColor": 10401023,
    "gridAlpha": 0.8,
    "snap": false,
    "zoomFactor": 0.546875,
    "windowMask": false
  },
  "objectsGroups": [],
  "variables": [],
  "instances": [
    {
      "angle": 0,
      "customSize": true,
      "depth": 0,
      "height": 379,
      "layer": "",
      "name": "NewPanelSprite",
      "persistentUuid": "8abfafa1-d598-43f0-af20-3565d49774ca",
      "width": 470,
      "x": 15,
      "y": 120,
      "zOrder": 1,
      "numberProperties": [],
      "stringProperties": [],
      "initialVariables": []
    },
    {
      "angle": 0,
      "customSize": true,
      "depth": 0,
      "height": 40,
      "layer": "",
      "name": "NewText",
      "persistentUuid": "030f0dcd-4f42-4862-9fbc-0155c9e5e6fc",
      "width": 286,
      "x": 521,
      "y": 98,
      "zOrder": 2,
      "numberProperties": [],
      "stringProperties": [],
      "initialVariables": []
    },
    {
      "angle": 0,
      "customSize": true,
      "depth": 0,
      "height": 615,
      "layer": "",
      "name": "NewSprite",
      "persistentUuid": "79543f79-9721-466a-9499-75cde6a21c9b",
      "width": 813,
      "x": -6,
      "y": -8,
      "zOrder": -2,
      "numberProperties": [],
      "stringProperties": [],
      "initialVariables": []
    },
    {
      "angle": 0,
      "customSize": true,
      "depth": 0,
      "height": 150,
      "layer": "",
      "name": "NewSprite2",
      "persistentUuid": "6be374c7-1b5c-444b-8209-0d5a07aca4e0",
      "width": 292,
      "x": 500,
      "y": 69,
      "zOrder": -1,
      "numberProperties": [],
      "stringProperties": [],
      "initialVariables": []
    },
    {
      "angle": 0,
      "customSize": true,
      "depth": 32,
      "height": 59,
      "layer": "",
      "name": "BlueButtonWithShadow",
      "persistentUuid": "9518f553-3d39-4c88-923a-02c9a7e6a7be",
      "width": 93,
      "x": 512,
      "y": 274,
      "zOrder": 3,
      "numberProperties": [],
      "stringProperties": [],
      "initialVariables": []
    },
    {
      "angle": 0,
      "customSize": true,
      "depth": 32,
      "height": 59,
      "layer": "",
      "name": "PurpleButtonWithShadow",
      "persistentUuid": "c9361aaa-27cd-49a2-80d4-f6a9bad8e93c",
      "width": 92,
      "x": 648,
      "y": 278,
      "zOrder": 4,
      "numberProperties": [],
      "stringProperties": [],
      "initialVariables": []
    },
    {
      "angle": 0,
      "customSize": true,
      "depth": 32,
      "height": 59,
      "layer": "",
      "name": "RedButtonWithShadow",
      "persistentUuid": "965c8f95-61dd-4fdc-91e4-77a217f616c2",
      "width": 95,
      "x": 513,
      "y": 372,
      "zOrder": 5,
      "numberProperties": [],
      "stringProperties": [],
      "initialVariables": []
    },
    {
      "angle": 0,
      "customSize": true,
      "depth": 32,
      "height": 55,
      "layer": "",
      "name": "MedievalButtonBeige",
      "persistentUuid": "4a9cb20e-ba71-4f7c-9a76-411f53158917",
      "width": 88,
      "x": 652,
      "y": 370,
      "zOrder": 6,
      "numberProperties": [],
      "stringProperties": [],
      "initialVariables": []
    },
    {
      "angle": 0,
      "customSize": true,
      "depth": 0,
      "height": 89,
      "layer": "",
      "name": "LeftArrow",
      "persistentUuid": "0cbe7144-8395-4f32-9882-23c3ad624a1f",
      "width": 63,
      "x": -2,
      "y": 2,
      "zOrder": 7,
      "numberProperties": [],
      "stringProperties": [],
      "initialVariables": []
    },
    {
      "angle": 0,
      "customSize": true,
      "depth": 0,
      "height": 303,
      "layer": "Popuptrue",
      "name": "true",
      "persistentUuid": "1ab75fa9-3603-4cf8-b419-41bbed078e27",
      "width": 444,
      "x": 173,
      "y": 156,
      "zOrder": 8,
      "numberProperties": [],
      "stringProperties": [],
      "initialVariables": []
    },
    {
      "angle": 0,
      "customSize": true,
      "depth": 0,
      "height": 52,
      "layer": "Popuptrue",
      "name": "trueee",
      "persistentUuid": "6ed07aa3-23c1-4d09-9715-787b7f4555c9",
      "width": 249,
      "x": 287,
      "y": 213,
      "zOrder": 9,
      "numberProperties": [],
      "stringProperties": [],
      "initialVariables": []
    },
    {
      "angle": 0,
      "customSize": true,
      "depth": 0,
      "height": 100,
      "layer": "Popuptrue",
      "name": "Righttrue",
      "persistentUuid": "62490f31-4b28-46d3-a3c0-1de8c2f3a27a",
      "width": 68,
      "x": 392,
      "y": 299,
      "zOrder": 10,
      "numberProperties": [],
      "stringProperties": [],
      "initialVariables": []
    },
    {
      "angle": 0,
      "customSize": true,
      "depth": 0,
      "height": 299,
      "layer": "",
      "name": "false",
      "persistentUuid": "3946c91d-d216-43a0-86d5-6f4c389a3e5f",
      "width": 444,
      "x": 170,
      "y": 155,
      "zOrder": 11,
      "numberProperties": [],
      "stringProperties": [],
      "initialVariables": []
    },
    {
      "angle": 0,
      "customSize": true,
      "depth": 0,
      "height": 100,
      "layer": "popupfalse",
      "name": "Rightfalse",
      "persistentUuid": "de0d2fa3-8a4c-4f07-92c6-fdee1f84f745",
      "width": 68,
      "x": 389,
      "y": 300,
      "zOrder": 12,
      "numberProperties": [],
      "stringProperties": [],
      "initialVariables": []
    },
    {
      "angle": 0,
      "customSize": true,
      "depth": 0,
      "height": 116,
      "layer": "",
      "name": "falsee",
      "persistentUuid": "115e4ede-a269-4907-8be8-1af48499a389",
      "width": 412,
      "x": 211,
      "y": 202,
      "zOrder": 13,
      "numberProperties": [],
      "stringProperties": [],
      "initialVariables": []
    }
  ],
  "objects": [
    {
      "assetStoreId": "",
      "bottomMargin": 0,
      "height": 32,
      "leftMargin": 0,
      "name": "NewPanelSprite",
      "rightMargin": 0,
      "tags": "",
      "texture": "assets_daus\\image\\berapa-binatang-hayo.jpg",
      "tiled": false,
      "topMargin": 0,
      "type": "PanelSpriteObject::PanelSprite",
      "width": 32,
      "variables": [],
      "effects": [],
      "behaviors": []
    },
    {
      "assetStoreId": "",
      "bold": true,
      "italic": false,
      "name": "NewText",
      "smoothed": true,
      "tags": "",
      "type": "TextObject::Text",
      "underlined": false,
      "variables": [],
      "effects": [],
      "behaviors": [],
      "string": "How many animal in this photo?",
      "font": "",
      "textAlignment": "left",
      "characterSize": 30,
      "color": {
        "b": 255,
        "g": 255,
        "r": 255
      }
    },
    {
      "assetStoreId": "",
      "name": "NewSprite",
      "tags": "",
      "type": "Sprite",
      "updateIfNotVisible": false,
      "variables": [],
      "effects": [],
      "behaviors": [],
      "animations": [
        {
          "name": "",
          "useMultipleDirections": false,
          "directions": [
            {
              "looping": false,
              "timeBetweenFrames": 0.08,
              "sprites": [
                {
                  "hasCustomCollisionMask": false,
                  "image": "assets_daus\\image\\WhatsApp Image 2023-06-06 at 11.30.32 AM.jpeg",
                  "points": [],
                  "originPoint": {
                    "name": "origine",
                    "x": 0,
                    "y": 0
                  },
                  "centerPoint": {
                    "automatic": true,
                    "name": "centre",
                    "x": 0,
                    "y": 0
                  },
                  "customCollisionMask": []
                }
              ]
            }
          ]
        }
      ]
    },
    {
      "assetStoreId": "",
      "name": "NewSprite2",
      "tags": "",
      "type": "Sprite",
      "updateIfNotVisible": false,
      "variables": [],
      "effects": [],
      "behaviors": [],
      "animations": [
        {
          "name": "",
          "useMultipleDirections": false,
          "directions": [
            {
              "looping": false,
              "timeBetweenFrames": 0.08,
              "sprites": [
                {
                  "hasCustomCollisionMask": false,
                  "image": "assets_daus\\image\\download.png",
                  "points": [],
                  "originPoint": {
                    "name": "origine",
                    "x": 0,
                    "y": 0
                  },
                  "centerPoint": {
                    "automatic": true,
                    "name": "centre",
                    "x": 0,
                    "y": 0
                  },
                  "customCollisionMask": []
                }
              ]
            }
          ]
        }
      ]
    },
    {
      "assetStoreId": "33302f0b615672a2e96316c096e13ad8d7242adba8bd5709538691894f0eae6e",
      "name": "BlueButtonWithShadow",
      "tags": "",
      "type": "PanelSpriteButton::PanelSpriteButton",
      "variables": [],
      "effects": [],
      "behaviors": [],
      "content": {
        "LeftPadding": 16,
        "RightPadding": 16,
        "PressedLabelOffsetY": 3,
        "BottomPadding": 32,
        "TopPadding": 32,
        "HoveredFadeOutDuration": 0.25
      },
      "childrenContent": {
        "Hovered": {
          "bottomMargin": 16,
          "height": 69,
          "leftMargin": 16,
          "rightMargin": 16,
          "texture": "Blue Button With Shadow_Hovered.png",
          "tiled": true,
          "topMargin": 16,
          "width": 192
        },
        "Idle": {
          "bottomMargin": 16,
          "height": 69,
          "leftMargin": 16,
          "rightMargin": 16,
          "texture": "Blue Button With Shadow_Idle.png",
          "tiled": true,
          "topMargin": 16,
          "width": 192
        },
        "Label": {
          "bold": false,
          "italic": false,
          "smoothed": true,
          "underlined": false,
          "string": "A) 1",
          "font": "CantoraOne-Regular.ttf",
          "textAlignment": "center",
          "characterSize": 30,
          "color": {
            "b": 255,
            "g": 255,
            "r": 255
          }
        },
        "Pressed": {
          "bottomMargin": 16,
          "height": 69,
          "leftMargin": 16,
          "rightMargin": 16,
          "texture": "Blue Button With Shadow_Pressed.png",
          "tiled": true,
          "topMargin": 16,
          "width": 192
        }
      }
    },
    {
      "assetStoreId": "a48315b9a9c655af87118d7bb8f6be03b4dbb14e066387849b2d2d4c3600573c",
      "name": "PurpleButtonWithShadow",
      "tags": "",
      "type": "PanelSpriteButton::PanelSpriteButton",
      "variables": [],
      "effects": [],
      "behaviors": [],
      "content": {
        "LeftPadding": 16,
        "RightPadding": 16,
        "PressedLabelOffsetY": 3,
        "BottomPadding": 32,
        "TopPadding": 32,
        "HoveredFadeOutDuration": 0.25
      },
      "childrenContent": {
        "Hovered": {
          "bottomMargin": 16,
          "height": 69,
          "leftMargin": 16,
          "rightMargin": 16,
          "texture": "Purple Button With Shadow_Hovered.png",
          "tiled": true,
          "topMargin": 16,
          "width": 192
        },
        "Idle": {
          "bottomMargin": 16,
          "height": 69,
          "leftMargin": 16,
          "rightMargin": 16,
          "texture": "Purple Button With Shadow_Idle.png",
          "tiled": true,
          "topMargin": 16,
          "width": 192
        },
        "Label": {
          "bold": false,
          "italic": false,
          "smoothed": true,
          "underlined": false,
          "string": "B) 9",
          "font": "CantoraOne-Regular.ttf",
          "textAlignment": "center",
          "characterSize": 30,
          "color": {
            "b": 255,
            "g": 255,
            "r": 255
          }
        },
        "Pressed": {
          "bottomMargin": 16,
          "height": 69,
          "leftMargin": 16,
          "rightMargin": 16,
          "texture": "Purple Button With Shadow_Pressed.png",
          "tiled": true,
          "topMargin": 16,
          "width": 192
        }
      }
    },
    {
      "assetStoreId": "5faf2b0415c271fa6e747283ed36297a95f04d2b6c477a7b011775fa6fb444ee",
      "name": "RedButtonWithShadow",
      "tags": "",
      "type": "PanelSpriteButton::PanelSpriteButton",
      "variables": [
        {
          "folded": true,
          "name": "Variable",
          "type": "number",
          "value": 1
        }
      ],
      "effects": [],
      "behaviors": [],
      "content": {
        "LeftPadding": 16,
        "RightPadding": 16,
        "PressedLabelOffsetY": 3,
        "BottomPadding": 32,
        "TopPadding": 32,
        "HoveredFadeOutDuration": 0.25
      },
      "childrenContent": {
        "Hovered": {
          "bottomMargin": 16,
          "height": 69,
          "leftMargin": 16,
          "rightMargin": 16,
          "texture": "Red Button With Shadow_Hovered.png",
          "tiled": true,
          "topMargin": 16,
          "width": 192
        },
        "Idle": {
          "bottomMargin": 16,
          "height": 69,
          "leftMargin": 16,
          "rightMargin": 16,
          "texture": "Red Button With Shadow_Idle.png",
          "tiled": true,
          "topMargin": 16,
          "width": 192
        },
        "Label": {
          "bold": false,
          "italic": false,
          "smoothed": true,
          "underlined": false,
          "string": "C) 5",
          "font": "CantoraOne-Regular.ttf",
          "textAlignment": "center",
          "characterSize": 30,
          "color": {
            "b": 255,
            "g": 255,
            "r": 255
          }
        },
        "Pressed": {
          "bottomMargin": 16,
          "height": 69,
          "leftMargin": 16,
          "rightMargin": 16,
          "texture": "Red Button With Shadow_Pressed.png",
          "tiled": true,
          "topMargin": 16,
          "width": 192
        }
      }
    },
    {
      "assetStoreId": "1cacfe2713f10642e8079542f28282d52f1bf46ae2dc27dc6c291a2970c90971",
      "name": "MedievalButtonBeige",
      "tags": "",
      "type": "PanelSpriteButton::PanelSpriteButton",
      "variables": [],
      "effects": [],
      "behaviors": [],
      "content": {
        "LeftPadding": 0,
        "RightPadding": 0,
        "PressedLabelOffsetY": 4,
        "BottomPadding": 10,
        "TopPadding": 0,
        "HoveredFadeOutDuration": 0.2
      },
      "childrenContent": {
        "Hovered": {
          "bottomMargin": 11,
          "height": 64,
          "leftMargin": 7,
          "rightMargin": 7,
          "texture": "Medieval Button Beige_Hovered.png",
          "tiled": true,
          "topMargin": 7,
          "width": 192
        },
        "Idle": {
          "bottomMargin": 11,
          "height": 64,
          "leftMargin": 7,
          "rightMargin": 7,
          "texture": "Medieval Button Beige_Idle.png",
          "tiled": true,
          "topMargin": 7,
          "width": 192
        },
        "Label": {
          "bold": false,
          "italic": false,
          "smoothed": true,
          "underlined": false,
          "string": "D) 12",
          "font": "CaesarDressing-Regular.ttf",
          "textAlignment": "center",
          "characterSize": 30,
          "color": {
            "b": 64,
            "g": 99,
            "r": 133
          }
        },
        "Pressed": {
          "bottomMargin": 7,
          "height": 64,
          "leftMargin": 7,
          "rightMargin": 7,
          "texture": "Medieval Button Beige_Pressed.png",
          "tiled": true,
          "topMargin": 11,
          "width": 192
        }
      }
    },
    {
      "assetStoreId": "56620f58bc8730fe4a9e4a76caff40de4ca8f034e3c821da2cb73247909b5126",
      "name": "LeftArrow",
      "tags": "",
      "type": "Sprite",
      "updateIfNotVisible": false,
      "variables": [],
      "effects": [],
      "behaviors": [],
      "animations": [
        {
          "name": "",
          "useMultipleDirections": false,
          "directions": [
            {
              "looping": true,
              "timeBetweenFrames": 0.025,
              "sprites": [
                {
                  "hasCustomCollisionMask": false,
                  "image": "Left arrow.png",
                  "points": [],
                  "originPoint": {
                    "name": "origine",
                    "x": 0,
                    "y": 0
                  },
                  "centerPoint": {
                    "automatic": true,
                    "name": "centre",
                    "x": 0,
                    "y": 0
                  },
                  "customCollisionMask": []
                }
              ]
            }
          ]
        }
      ]
    },
    {
      "assetStoreId": "",
      "name": "true",
      "tags": "",
      "type": "Sprite",
      "updateIfNotVisible": false,
      "variables": [],
      "effects": [],
      "behaviors": [
        {
          "name": "Tween",
          "type": "Tween::TweenBehavior"
        }
      ],
      "animations": [
        {
          "name": "",
          "useMultipleDirections": false,
          "directions": [
            {
              "looping": false,
              "timeBetweenFrames": 0.08,
              "sprites": [
                {
                  "hasCustomCollisionMask": false,
                  "image": "assets_daus\\image\\WhatsApp Image 2023-06-29 at 8.06.12 PM.jpeg",
                  "points": [],
                  "originPoint": {
                    "name": "origine",
                    "x": 0,
                    "y": 0
                  },
                  "centerPoint": {
                    "automatic": true,
                    "name": "centre",
                    "x": 0,
                    "y": 0
                  },
                  "customCollisionMask": []
                }
              ]
            }
          ]
        }
      ]
    },
    {
      "assetStoreId": "",
      "name": "false",
      "tags": "",
      "type": "Sprite",
      "updateIfNotVisible": false,
      "variables": [],
      "effects": [],
      "behaviors": [
        {
          "name": "Tween",
          "type": "Tween::TweenBehavior"
        }
      ],
      "animations": [
        {
          "name": "",
          "useMultipleDirections": false,
          "directions": [
            {
              "looping": false,
              "timeBetweenFrames": 0.08,
              "sprites": [
                {
                  "hasCustomCollisionMask": false,
                  "image": "assets_daus\\image\\WhatsApp Image 2023-06-29 at 8.06.12 PM.jpeg",
                  "points": [],
                  "originPoint": {
                    "name": "origine",
                    "x": 0,
                    "y": 0
                  },
                  "centerPoint": {
                    "automatic": true,
                    "name": "centre",
                    "x": 0,
                    "y": 0
                  },
                  "customCollisionMask": []
                }
              ]
            }
          ]
        }
      ]
    },
    {
      "assetStoreId": "ed150d95b590f97deda65902f26379fd804a3a6d1cb89344efc4d0ddbbc9dc3c",
      "name": "Righttrue",
      "tags": "",
      "type": "Sprite",
      "updateIfNotVisible": false,
      "variables": [],
      "effects": [],
      "behaviors": [],
      "animations": [
        {
          "name": "",
          "useMultipleDirections": false,
          "directions": [
            {
              "looping": true,
              "timeBetweenFrames": 0.025,
              "sprites": [
                {
                  "hasCustomCollisionMask": true,
                  "image": "Right arrow.png",
                  "points": [],
                  "originPoint": {
                    "name": "origine",
                    "x": 0,
                    "y": 0
                  },
                  "centerPoint": {
                    "automatic": true,
                    "name": "centre",
                    "x": 0,
                    "y": 0
                  },
                  "customCollisionMask": [
                    [
                      {
                        "x": 0,
                        "y": 7
                      },
                      {
                        "x": 92,
                        "y": 7
                      },
                      {
                        "x": 92,
                        "y": 108
                      },
                      {
                        "x": 0,
                        "y": 108
                      }
                    ]
                  ]
                }
              ]
            }
          ]
        }
      ]
    },
    {
      "assetStoreId": "ed150d95b590f97deda65902f26379fd804a3a6d1cb89344efc4d0ddbbc9dc3c",
      "name": "Rightfalse",
      "tags": "",
      "type": "Sprite",
      "updateIfNotVisible": false,
      "variables": [],
      "effects": [],
      "behaviors": [],
      "animations": [
        {
          "name": "",
          "useMultipleDirections": false,
          "directions": [
            {
              "looping": true,
              "timeBetweenFrames": 0.025,
              "sprites": [
                {
                  "hasCustomCollisionMask": true,
                  "image": "Right arrow.png",
                  "points": [],
                  "originPoint": {
                    "name": "origine",
                    "x": 0,
                    "y": 0
                  },
                  "centerPoint": {
                    "automatic": true,
                    "name": "centre",
                    "x": 0,
                    "y": 0
                  },
                  "customCollisionMask": [
                    [
                      {
                        "x": 0,
                        "y": 7
                      },
                      {
                        "x": 92,
                        "y": 7
                      },
                      {
                        "x": 92,
                        "y": 108
                      },
                      {
                        "x": 0,
                        "y": 108
                      }
                    ]
                  ]
                }
              ]
            }
          ]
        }
      ]
    },
    {
      "assetStoreId": "",
      "bold": false,
      "italic": false,
      "name": "trueee",
      "smoothed": true,
      "tags": "",
      "type": "TextObject::Text",
      "underlined": false,
      "variables": [],
      "effects": [],
      "behaviors": [],
      "string": "NICE WORK!",
      "font": "",
      "textAlignment": "left",
      "characterSize": 40,
      "color": {
        "b": 255,
        "g": 255,
        "r": 255
      }
    },
    {
      "assetStoreId": "",
      "bold": false,
      "italic": false,
      "name": "falsee",
      "smoothed": true,
      "tags": "",
      "type": "TextObject::Text",
      "underlined": false,
      "variables": [],
      "effects": [],
      "behaviors": [],
      "string": "You want to try again?",
      "font": "",
      "textAlignment": "left",
      "characterSize": 40,
      "color": {
        "b": 255,
        "g": 255,
        "r": 255
      }
    }
  ],
  "events": [
    {
      "type": "BuiltinCommonInstructions::Standard",
      "conditions": [
        {
          "type": {
            "value": "DepartScene"
          },
          "parameters": [
            ""
          ]
        }
      ],
      "actions": [
        {
          "type": {
            "value": "Cache"
          },
          "parameters": [
            "true"
          ]
        },
        {
          "type": {
            "value": "Cache"
          },
          "parameters": [
            "Righttrue"
          ]
        },
        {
          "type": {
            "value": "Cache"
          },
          "parameters": [
            "trueee"
          ]
        },
        {
          "type": {
            "value": "Cache"
          },
          "parameters": [
            "false"
          ]
        },
        {
          "type": {
            "value": "Cache"
          },
          "parameters": [
            "Rightfalse"
          ]
        },
        {
          "type": {
            "value": "Cache"
          },
          "parameters": [
            "falsee"
          ]
        }
      ]
    },
    {
      "type": "BuiltinCommonInstructions::Standard",
      "conditions": [
        {
          "type": {
            "value": "MouseButtonPressed"
          },
          "parameters": [
            "",
            "Left"
          ]
        },
        {
          "type": {
            "value": "SourisSurObjet"
          },
          "parameters": [
            "LeftArrow",
            "",
            "",
            ""
          ]
        }
      ],
      "actions": [
        {
          "type": {
            "value": "Scene"
          },
          "parameters": [
            "",
            "\"question\"",
            ""
          ]
        }
      ]
    },
    {
      "type": "BuiltinCommonInstructions::Standard",
      "conditions": [
        {
          "type": {
            "value": "MouseButtonPressed"
          },
          "parameters": [
            "",
            "Left"
          ]
        },
        {
          "type": {
            "value": "SourisSurObjet"
          },
          "parameters": [
            "MedievalButtonBeige",
            "",
            "",
            ""
          ]
        }
      ],
      "actions": [
        {
          "type": {
            "value": "Montre"
          },
          "parameters": [
            "true",
            ""
          ]
        },
        {
          "type": {
            "value": "Montre"
          },
          "parameters": [
            "Righttrue",
            ""
          ]
        },
        {
          "type": {
            "value": "Montre"
          },
          "parameters": [
            "trueee",
            ""
          ]
        },
        {
          "type": {
            "value": "Tween::AddObjectScaleTween"
          },
          "parameters": [
            "true",
            "Tween",
            "\"tweenques\"",
            "1.5",
            "1.5",
            "\"bounce\"",
            "700",
            "no",
            "yes"
          ]
        },
        {
          "type": {
            "value": "Cache"
          },
          "parameters": [
            "false"
          ]
        },
        {
          "type": {
            "value": "Cache"
          },
          "parameters": [
            "Rightfalse"
          ]
        },
        {
          "type": {
            "value": "Cache"
          },
          "parameters": [
            "falsee"
          ]
        }
      ]
    },
    {
      "type": "BuiltinCommonInstructions::Standard",
      "conditions": [
        {
          "type": {
            "value": "MouseButtonPressed"
          },
          "parameters": [
            "",
            "Left"
          ]
        },
        {
          "type": {
            "value": "SourisSurObjet"
          },
          "parameters": [
            "BlueButtonWithShadow",
            "",
            "",
            ""
          ]
        }
      ],
      "actions": [
        {
          "type": {
            "value": "Cache"
          },
          "parameters": [
            "true"
          ]
        },
        {
          "type": {
            "value": "Cache"
          },
          "parameters": [
            "Righttrue"
          ]
        },
        {
          "type": {
            "value": "Cache"
          },
          "parameters": [
            "trueee"
          ]
        },
        {
          "type": {
            "value": "Montre"
          },
          "parameters": [
            "false",
            ""
          ]
        },
        {
          "type": {
            "value": "Montre"
          },
          "parameters": [
            "Rightfalse",
            ""
          ]
        },
        {
          "type": {
            "value": "Montre"
          },
          "parameters": [
            "falsee",
            ""
          ]
        },
        {
          "type": {
            "value": "Tween::AddObjectScaleTween"
          },
          "parameters": [
            "false",
            "Tween",
            "\"tweenques\"",
            "1.5",
            "1.5",
            "\"bounce\"",
            "700",
            "no",
            "yes"
          ]
        }
      ]
    },
    {
      "type": "BuiltinCommonInstructions::Standard",
      "conditions": [
        {
          "type": {
            "value": "MouseButtonPressed"
          },
          "parameters": [
            "",
            "Left"
          ]
        },
        {
          "type": {
            "value": "SourisSurObjet"
          },
          "parameters": [
            "RedButtonWithShadow",
            "",
            "",
            ""
          ]
        }
      ],
      "actions": [
        {
          "type": {
            "value": "Cache"
          },
          "parameters": [
            "true"
          ]
        },
        {
          "type": {
            "value": "Cache"
          },
          "parameters": [
            "Righttrue"
          ]
        },
        {
          "type": {
            "value": "Cache"
          },
          "parameters": [
            "trueee"
          ]
        },
        {
          "type": {
            "value": "Montre"
          },
          "parameters": [
            "false",
            ""
          ]
        },
        {
          "type": {
            "value": "Montre"
          },
          "parameters": [
            "Rightfalse",
            ""
          ]
        },
        {
          "type": {
            "value": "Montre"
          },
          "parameters": [
            "falsee",
            ""
          ]
        },
        {
          "type": {
            "value": "Tween::AddObjectScaleTween"
          },
          "parameters": [
            "false",
            "Tween",
            "\"tweenques\"",
            "1.5",
            "1.5",
            "\"bounce\"",
            "700",
            "no",
            "yes"
          ]
        }
      ]
    },
    {
      "type": "BuiltinCommonInstructions::Standard",
      "conditions": [
        {
          "type": {
            "value": "MouseButtonPressed"
          },
          "parameters": [
            "",
            "Left"
          ]
        },
        {
          "type": {
            "value": "SourisSurObjet"
          },
          "parameters": [
            "PurpleButtonWithShadow",
            "",
            "",
            ""
          ]
        }
      ],
      "actions": [
        {
          "type": {
            "value": "Cache"
          },
          "parameters": [
            "true"
          ]
        },
        {
          "type": {
            "value": "Cache"
          },
          "parameters": [
            "Righttrue"
          ]
        },
        {
          "type": {
            "value": "Cache"
          },
          "parameters": [
            "trueee"
          ]
        },
        {
          "type": {
            "value": "Montre"
          },
          "parameters": [
            "false",
            ""
          ]
        },
        {
          "type": {
            "value": "Montre"
          },
          "parameters": [
            "Rightfalse",
            ""
          ]
        },
        {
          "type": {
            "value": "Montre"
          },
          "parameters": [
            "falsee",
            ""
          ]
        },
        {
          "type": {
            "value": "Tween::AddObjectScaleTween"
          },
          "parameters": [
            "false",
            "Tween",
            "\"tweenques\"",
            "1.5",
            "1.5",
            "\"bounce\"",
            "700",
            "no",
            "yes"
          ]
        }
      ]
    },
    {
      "type": "BuiltinCommonInstructions::Standard",
      "conditions": [
        {
          "type": {
            "value": "MouseButtonPressed"
          },
          "parameters": [
            "",
            "Left"
          ]
        },
        {
          "type": {
            "value": "SourisSurObjet"
          },
          "parameters": [
            "Righttrue",
            "",
            "",
            ""
          ]
        }
      ],
      "actions": [
        {
          "type": {
            "value": "Scene"
          },
          "parameters": [
            "",
            "\"Result\"",
            ""
          ]
        }
      ]
    }
  ],
  "layers": [
    {
      "ambientLightColorB": 200,
      "ambientLightColorG": 200,
      "ambientLightColorR": 200,
      "camera3DFarPlaneDistance": 10000,
      "camera3DFieldOfView": 45,
      "camera3DNearPlaneDistance": 0.1,
      "followBaseLayerCamera": false,
      "isLightingLayer": false,
      "isLocked": false,
      "name": "",
      "renderingType": "",
      "visibility": true,
      "cameras": [
        {
          "defaultSize": true,
          "defaultViewport": true,
          "height": 0,
          "viewportBottom": 1,
          "viewportLeft": 0,
          "viewportRight": 1,
          "viewportTop": 0,
          "width": 0
        }
      ],
      "effects": []
    },
    {
      "ambientLightColorB": 200,
      "ambientLightColorG": 200,
      "ambientLightColorR": 200,
      "camera3DFarPlaneDistance": 10000,
      "camera3DFieldOfView": 45,
      "camera3DNearPlaneDistance": 0.1,
      "followBaseLayerCamera": false,
      "isLightingLayer": false,
      "isLocked": false,
      "name": "Popuptrue",
      "renderingType": "",
      "visibility": true,
      "cameras": [],
      "effects": []
    },
    {
      "ambientLightColorB": 200,
      "ambientLightColorG": 200,
      "ambientLightColorR": 200,
      "camera3DFarPlaneDistance": 10000,
      "camera3DFieldOfView": 45,
      "camera3DNearPlaneDistance": 0.1,
      "followBaseLayerCamera": false,
      "isLightingLayer": false,
      "isLocked": false,
      "name": "popupfalse",
      "renderingType": "",
      "visibility": true,
      "cameras": [],
      "effects": []
    }
  ],
  "behaviorsSharedData": [
    {
      "name": "Tween",
      "type": "Tween::TweenBehavior"
    }
  ]
}