{
  "b": 209,
  "disableInputWhenNotFocused": true,
  "mangledName": "Challenge_38Relax",
  "name": "Challenge&Relax",
  "r": 209,
  "standardSortMethod": true,
  "stopSoundsOnStartup": true,
  "title": "",
  "v": 209,
  "uiSettings": {
    "grid": false,
    "gridType": "rectangular",
    "gridWidth": 32,
    "gridHeight": 32,
    "gridOffsetX": 0,
    "gridOffsetY": 0,
    "gridColor": 10401023,
    "gridAlpha": 0.8,
    "snap": false,
    "zoomFactor": 0.9020350588341034,
    "windowMask": false
  },
  "objectsGroups": [],
  "variables": [],
  "instances": [
    {
      "angle": 0,
      "customSize": true,
      "depth": 32,
      "height": 61,
      "layer": "",
      "name": "Challenge",
      "persistentUuid": "06a4dc21-d548-4cb1-9fd0-7453f28d11df",
      "width": 288,
      "x": 241,
      "y": 225,
      "zOrder": 1,
      "numberProperties": [],
      "stringProperties": [],
      "initialVariables": []
    },
    {
      "angle": 0,
      "customSize": true,
      "depth": 32,
      "height": 60,
      "layer": "",
      "name": "Relax",
      "persistentUuid": "8d62f098-1a2d-42fa-b065-c51b3ca0755f",
      "width": 287,
      "x": 241,
      "y": 319,
      "zOrder": 2,
      "numberProperties": [],
      "stringProperties": [],
      "initialVariables": []
    },
    {
      "angle": 0,
      "customSize": true,
      "depth": 0,
      "height": 85,
      "layer": "",
      "name": "Back",
      "persistentUuid": "22714ef5-256a-4e1a-9b15-ce5e9299bd50",
      "width": 73,
      "x": 5,
      "y": 12,
      "zOrder": 3,
      "numberProperties": [],
      "stringProperties": [],
      "initialVariables": []
    },
    {
      "angle": 0,
      "customSize": true,
      "depth": 0,
      "height": 610,
      "layer": "",
      "name": "NewPanelSprite",
      "persistentUuid": "3f49af7e-c767-4e79-ad61-807482a21470",
      "width": 814,
      "x": -7,
      "y": -5,
      "zOrder": 0,
      "numberProperties": [],
      "stringProperties": [],
      "initialVariables": []
    }
  ],
  "objects": [
    {
      "assetStoreId": "",
      "bottomMargin": 0,
      "height": 32,
      "leftMargin": 0,
      "name": "NewPanelSprite2",
      "rightMargin": 0,
      "tags": "",
      "texture": "assets_focus\\spot the difference-min.jpg",
      "tiled": true,
      "topMargin": 0,
      "type": "PanelSpriteObject::PanelSprite",
      "width": 32,
      "variables": [],
      "effects": [],
      "behaviors": []
    },
    {
      "assetStoreId": "",
      "bottomMargin": 0,
      "height": 32,
      "leftMargin": 0,
      "name": "NewPanelSprite3",
      "rightMargin": 0,
      "tags": "",
      "texture": "assets_focus\\spot differences-min.jpg",
      "tiled": false,
      "topMargin": 0,
      "type": "PanelSpriteObject::PanelSprite",
      "width": 32,
      "variables": [],
      "effects": [],
      "behaviors": []
    },
    {
      "assetStoreId": "7d400bf86632346291bc2267c6eee2aa9b6c06c67b27fe105a821ef74f5bfcb8",
      "name": "Timer",
      "tags": "",
      "type": "Sprite",
      "updateIfNotVisible": false,
      "variables": [],
      "effects": [],
      "behaviors": [],
      "animations": [
        {
          "name": "Drop-shadowed",
          "useMultipleDirections": false,
          "directions": [
            {
              "looping": true,
              "timeBetweenFrames": 0.025,
              "sprites": [
                {
                  "hasCustomCollisionMask": false,
                  "image": "assets_focus\\Timer_Drop-shadowed.png",
                  "points": [],
                  "originPoint": {
                    "name": "origine",
                    "x": 0,
                    "y": 0
                  },
                  "centerPoint": {
                    "automatic": true,
                    "name": "centre",
                    "x": 0,
                    "y": 0
                  },
                  "customCollisionMask": []
                }
              ]
            }
          ]
        },
        {
          "name": "Outlined",
          "useMultipleDirections": false,
          "directions": [
            {
              "looping": true,
              "timeBetweenFrames": 0.025,
              "sprites": [
                {
                  "hasCustomCollisionMask": false,
                  "image": "assets_focus\\Timer_Outlined.png",
                  "points": [],
                  "originPoint": {
                    "name": "origine",
                    "x": 0,
                    "y": 0
                  },
                  "centerPoint": {
                    "automatic": true,
                    "name": "centre",
                    "x": 0,
                    "y": 0
                  },
                  "customCollisionMask": []
                }
              ]
            }
          ]
        }
      ]
    },
    {
      "assetStoreId": "1fa64b0730871dc335d223ee7a6bf7a3ba95c056c7978aec6e578a34234015a0",
      "name": "Digit",
      "tags": "",
      "type": "Sprite",
      "updateIfNotVisible": false,
      "variables": [],
      "effects": [],
      "behaviors": [],
      "animations": [
        {
          "name": "0",
          "useMultipleDirections": false,
          "directions": [
            {
              "looping": true,
              "timeBetweenFrames": 0.025,
              "sprites": [
                {
                  "hasCustomCollisionMask": false,
                  "image": "assets_focus\\Digit_0_1.png",
                  "points": [],
                  "originPoint": {
                    "name": "origine",
                    "x": 0,
                    "y": 0
                  },
                  "centerPoint": {
                    "automatic": true,
                    "name": "centre",
                    "x": 0,
                    "y": 0
                  },
                  "customCollisionMask": []
                }
              ]
            }
          ]
        },
        {
          "name": "1",
          "useMultipleDirections": false,
          "directions": [
            {
              "looping": true,
              "timeBetweenFrames": 0.025,
              "sprites": [
                {
                  "hasCustomCollisionMask": false,
                  "image": "assets_focus\\Digit_1_1.png",
                  "points": [],
                  "originPoint": {
                    "name": "origine",
                    "x": 0,
                    "y": 0
                  },
                  "centerPoint": {
                    "automatic": true,
                    "name": "centre",
                    "x": 0,
                    "y": 0
                  },
                  "customCollisionMask": []
                }
              ]
            }
          ]
        },
        {
          "name": "2",
          "useMultipleDirections": false,
          "directions": [
            {
              "looping": true,
              "timeBetweenFrames": 0.025,
              "sprites": [
                {
                  "hasCustomCollisionMask": false,
                  "image": "assets_focus\\Digit_2_1.png",
                  "points": [],
                  "originPoint": {
                    "name": "origine",
                    "x": 0,
                    "y": 0
                  },
                  "centerPoint": {
                    "automatic": true,
                    "name": "centre",
                    "x": 0,
                    "y": 0
                  },
                  "customCollisionMask": []
                }
              ]
            }
          ]
        },
        {
          "name": "3",
          "useMultipleDirections": false,
          "directions": [
            {
              "looping": true,
              "timeBetweenFrames": 0.025,
              "sprites": [
                {
                  "hasCustomCollisionMask": false,
                  "image": "assets_focus\\Digit_3_1.png",
                  "points": [],
                  "originPoint": {
                    "name": "origine",
                    "x": 0,
                    "y": 0
                  },
                  "centerPoint": {
                    "automatic": true,
                    "name": "centre",
                    "x": 0,
                    "y": 0
                  },
                  "customCollisionMask": []
                }
              ]
            }
          ]
        },
        {
          "name": "4",
          "useMultipleDirections": false,
          "directions": [
            {
              "looping": true,
              "timeBetweenFrames": 0.025,
              "sprites": [
                {
                  "hasCustomCollisionMask": false,
                  "image": "assets_focus\\Digit_4_1.png",
                  "points": [],
                  "originPoint": {
                    "name": "origine",
                    "x": 0,
                    "y": 0
                  },
                  "centerPoint": {
                    "automatic": true,
                    "name": "centre",
                    "x": 0,
                    "y": 0
                  },
                  "customCollisionMask": []
                }
              ]
            }
          ]
        },
        {
          "name": "5",
          "useMultipleDirections": false,
          "directions": [
            {
              "looping": true,
              "timeBetweenFrames": 0.025,
              "sprites": [
                {
                  "hasCustomCollisionMask": false,
                  "image": "assets_focus\\Digit_5_1.png",
                  "points": [],
                  "originPoint": {
                    "name": "origine",
                    "x": 0,
                    "y": 0
                  },
                  "centerPoint": {
                    "automatic": true,
                    "name": "centre",
                    "x": 0,
                    "y": 0
                  },
                  "customCollisionMask": []
                }
              ]
            }
          ]
        },
        {
          "name": "6",
          "useMultipleDirections": false,
          "directions": [
            {
              "looping": true,
              "timeBetweenFrames": 0.025,
              "sprites": [
                {
                  "hasCustomCollisionMask": false,
                  "image": "assets_focus\\Digit_6_1.png",
                  "points": [],
                  "originPoint": {
                    "name": "origine",
                    "x": 0,
                    "y": 0
                  },
                  "centerPoint": {
                    "automatic": true,
                    "name": "centre",
                    "x": 0,
                    "y": 0
                  },
                  "customCollisionMask": []
                }
              ]
            }
          ]
        },
        {
          "name": "7",
          "useMultipleDirections": false,
          "directions": [
            {
              "looping": true,
              "timeBetweenFrames": 0.025,
              "sprites": [
                {
                  "hasCustomCollisionMask": false,
                  "image": "assets_focus\\Digit_7_1.png",
                  "points": [],
                  "originPoint": {
                    "name": "origine",
                    "x": 0,
                    "y": 0
                  },
                  "centerPoint": {
                    "automatic": true,
                    "name": "centre",
                    "x": 0,
                    "y": 0
                  },
                  "customCollisionMask": []
                }
              ]
            }
          ]
        },
        {
          "name": "8",
          "useMultipleDirections": false,
          "directions": [
            {
              "looping": true,
              "timeBetweenFrames": 0.025,
              "sprites": [
                {
                  "hasCustomCollisionMask": false,
                  "image": "assets_focus\\Digit_8_1.png",
                  "points": [],
                  "originPoint": {
                    "name": "origine",
                    "x": 0,
                    "y": 0
                  },
                  "centerPoint": {
                    "automatic": true,
                    "name": "centre",
                    "x": 0,
                    "y": 0
                  },
                  "customCollisionMask": []
                }
              ]
            }
          ]
        },
        {
          "name": "9",
          "useMultipleDirections": false,
          "directions": [
            {
              "looping": true,
              "timeBetweenFrames": 0.025,
              "sprites": [
                {
                  "hasCustomCollisionMask": false,
                  "image": "assets_focus\\Digit_9_1.png",
                  "points": [],
                  "originPoint": {
                    "name": "origine",
                    "x": 0,
                    "y": 0
                  },
                  "centerPoint": {
                    "automatic": true,
                    "name": "centre",
                    "x": 0,
                    "y": 0
                  },
                  "customCollisionMask": []
                }
              ]
            }
          ]
        }
      ]
    },
    {
      "assetStoreId": "5f0df6131c9646dcbe98798196db5b6d806eb25564f86d2e119a084d1e20bf74",
      "name": "Challenge",
      "tags": "",
      "type": "PanelSpriteButton::PanelSpriteButton",
      "variables": [],
      "effects": [],
      "behaviors": [],
      "content": {
        "LeftPadding": 16,
        "RightPadding": 16,
        "PressedLabelOffsetY": 6,
        "BottomPadding": 24,
        "TopPadding": 20,
        "HoveredFadeOutDuration": 0.25
      },
      "childrenContent": {
        "Hovered": {
          "bottomMargin": 22,
          "height": 64,
          "leftMargin": 16,
          "rightMargin": 16,
          "texture": "Black Decorated Button_Hovered.png",
          "tiled": true,
          "topMargin": 16,
          "width": 192
        },
        "Idle": {
          "bottomMargin": 22,
          "height": 64,
          "leftMargin": 16,
          "rightMargin": 16,
          "texture": "Black Decorated Button_Idle.png",
          "tiled": true,
          "topMargin": 16,
          "width": 192
        },
        "Label": {
          "bold": false,
          "italic": false,
          "smoothed": true,
          "underlined": false,
          "string": "Challenge",
          "font": "ArchitectsDaughter.ttf",
          "textAlignment": "center",
          "characterSize": 30,
          "color": {
            "b": 255,
            "g": 255,
            "r": 255
          }
        },
        "Pressed": {
          "bottomMargin": 16,
          "height": 64,
          "leftMargin": 16,
          "rightMargin": 16,
          "texture": "Black Decorated Button_Pressed.png",
          "tiled": true,
          "topMargin": 22,
          "width": 192
        }
      }
    },
    {
      "assetStoreId": "5f0df6131c9646dcbe98798196db5b6d806eb25564f86d2e119a084d1e20bf74",
      "name": "Relax",
      "tags": "",
      "type": "PanelSpriteButton::PanelSpriteButton",
      "variables": [],
      "effects": [],
      "behaviors": [],
      "content": {
        "LeftPadding": 16,
        "RightPadding": 16,
        "PressedLabelOffsetY": 6,
        "BottomPadding": 24,
        "TopPadding": 20,
        "HoveredFadeOutDuration": 0.25
      },
      "childrenContent": {
        "Hovered": {
          "bottomMargin": 22,
          "height": 64,
          "leftMargin": 16,
          "rightMargin": 16,
          "texture": "Black Decorated Button_Hovered.png",
          "tiled": true,
          "topMargin": 16,
          "width": 192
        },
        "Idle": {
          "bottomMargin": 22,
          "height": 64,
          "leftMargin": 16,
          "rightMargin": 16,
          "texture": "Black Decorated Button_Idle.png",
          "tiled": true,
          "topMargin": 16,
          "width": 192
        },
        "Label": {
          "bold": false,
          "italic": false,
          "smoothed": true,
          "underlined": false,
          "string": "Relax",
          "font": "ArchitectsDaughter.ttf",
          "textAlignment": "center",
          "characterSize": 30,
          "color": {
            "b": 255,
            "g": 255,
            "r": 255
          }
        },
        "Pressed": {
          "bottomMargin": 16,
          "height": 64,
          "leftMargin": 16,
          "rightMargin": 16,
          "texture": "Black Decorated Button_Pressed.png",
          "tiled": true,
          "topMargin": 22,
          "width": 192
        }
      }
    },
    {
      "assetStoreId": "2febfcd5068535a9e284e2a76bb185b96c22db01eb675e214cd6b6d3e0cd6b15",
      "name": "RemoteBack",
      "tags": "",
      "type": "Sprite",
      "updateIfNotVisible": false,
      "variables": [],
      "effects": [],
      "behaviors": [],
      "animations": [
        {
          "name": "",
          "useMultipleDirections": false,
          "directions": [
            {
              "looping": true,
              "timeBetweenFrames": 0.025,
              "sprites": [
                {
                  "hasCustomCollisionMask": false,
                  "image": "assets_focus\\Remote Back.png",
                  "points": [],
                  "originPoint": {
                    "name": "origine",
                    "x": 0,
                    "y": 0
                  },
                  "centerPoint": {
                    "automatic": true,
                    "name": "centre",
                    "x": 0,
                    "y": 0
                  },
                  "customCollisionMask": []
                }
              ]
            }
          ]
        }
      ]
    },
    {
      "assetStoreId": "4dfb0acd82800a9760bcd373ccde8c4504bd4c6564c494ab9929cc8c9e80d9c9",
      "name": "Back",
      "tags": "",
      "type": "Sprite",
      "updateIfNotVisible": false,
      "variables": [],
      "effects": [],
      "behaviors": [
        {
          "name": "ButtonFSM",
          "type": "ButtonStates::ButtonFSM",
          "ShouldCheckHovering": true,
          "State": "Idle",
          "TouchId": 0,
          "TouchIsInside": false,
          "MouseIsInside": false,
          "Index": 0
        }
      ],
      "animations": [
        {
          "name": "",
          "useMultipleDirections": false,
          "directions": [
            {
              "looping": true,
              "timeBetweenFrames": 0.025,
              "sprites": [
                {
                  "hasCustomCollisionMask": false,
                  "image": "assets_focus\\Back.png",
                  "points": [],
                  "originPoint": {
                    "name": "origine",
                    "x": 0,
                    "y": 0
                  },
                  "centerPoint": {
                    "automatic": true,
                    "name": "centre",
                    "x": 0,
                    "y": 0
                  },
                  "customCollisionMask": []
                }
              ]
            }
          ]
        },
        {
          "name": "Alt",
          "useMultipleDirections": false,
          "directions": [
            {
              "looping": true,
              "timeBetweenFrames": 0.025,
              "sprites": [
                {
                  "hasCustomCollisionMask": false,
                  "image": "assets_focus\\Back_Alt.png",
                  "points": [],
                  "originPoint": {
                    "name": "origine",
                    "x": 0,
                    "y": 0
                  },
                  "centerPoint": {
                    "automatic": true,
                    "name": "centre",
                    "x": 0,
                    "y": 0
                  },
                  "customCollisionMask": []
                }
              ]
            }
          ]
        }
      ]
    },
    {
      "assetStoreId": "",
      "bottomMargin": 0,
      "height": 32,
      "leftMargin": 0,
      "name": "NewPanelSprite",
      "rightMargin": 0,
      "tags": "",
      "texture": "assets_focus\\89374e2c-d3af-4504-bc80-4e41f6412488.jpg",
      "tiled": false,
      "topMargin": 0,
      "type": "PanelSpriteObject::PanelSprite",
      "width": 32,
      "variables": [],
      "effects": [],
      "behaviors": []
    }
  ],
  "events": [
    {
      "type": "BuiltinCommonInstructions::Standard",
      "conditions": [
        {
          "type": {
            "value": "PanelSpriteButton::PanelSpriteButton::IsClicked"
          },
          "parameters": [
            "Challenge",
            ""
          ]
        }
      ],
      "actions": [
        {
          "type": {
            "value": "Scene"
          },
          "parameters": [
            "",
            "\"Game 2\"",
            ""
          ]
        }
      ]
    },
    {
      "type": "BuiltinCommonInstructions::Standard",
      "conditions": [
        {
          "type": {
            "value": "PanelSpriteButton::PanelSpriteButton::IsClicked"
          },
          "parameters": [
            "Relax",
            ""
          ]
        }
      ],
      "actions": [
        {
          "type": {
            "value": "Scene"
          },
          "parameters": [
            "",
            "\"Game 3\"",
            ""
          ]
        }
      ]
    },
    {
      "type": "BuiltinCommonInstructions::Standard",
      "conditions": [
        {
          "type": {
            "value": "ButtonStates::ButtonFSM::IsPressed"
          },
          "parameters": [
            "Back",
            "ButtonFSM",
            ""
          ]
        }
      ],
      "actions": [
        {
          "type": {
            "value": "Scene"
          },
          "parameters": [
            "",
            "\"Homepage\"",
            ""
          ]
        }
      ]
    }
  ],
  "layers": [
    {
      "ambientLightColorB": 0,
      "ambientLightColorG": 8042920,
      "ambientLightColorR": 16,
      "camera3DFarPlaneDistance": 10000,
      "camera3DFieldOfView": 45,
      "camera3DNearPlaneDistance": 0.1,
      "followBaseLayerCamera": false,
      "isLightingLayer": false,
      "isLocked": false,
      "name": "",
      "renderingType": "",
      "visibility": true,
      "cameras": [
        {
          "defaultSize": true,
          "defaultViewport": true,
          "height": 0,
          "viewportBottom": 1,
          "viewportLeft": 0,
          "viewportRight": 1,
          "viewportTop": 0,
          "width": 0
        }
      ],
      "effects": []
    }
  ],
  "behaviorsSharedData": [
    {
      "name": "ButtonFSM",
      "type": "ButtonStates::ButtonFSM"
    }
  ]
}