{
  "b": 209,
  "disableInputWhenNotFocused": true,
  "mangledName": "Game_321",
  "name": "Game 1",
  "r": 209,
  "standardSortMethod": true,
  "stopSoundsOnStartup": true,
  "title": "",
  "v": 209,
  "uiSettings": {
    "grid": false,
    "gridType": "rectangular",
    "gridWidth": 32,
    "gridHeight": 32,
    "gridOffsetX": 0,
    "gridOffsetY": 0,
    "gridColor": 10401023,
    "gridAlpha": 0.8,
    "snap": false,
    "zoomFactor": 0.575810379708333,
    "windowMask": false
  },
  "objectsGroups": [],
  "variables": [],
  "instances": [
    {
      "angle": 0,
      "customSize": true,
      "depth": 0,
      "height": 372,
      "layer": "",
      "name": "NewPanelSprite4",
      "persistentUuid": "1875b732-3efd-405e-b092-55ac3ad6de0c",
      "width": 537,
      "x": 133,
      "y": 111,
      "zOrder": 0,
      "numberProperties": [],
      "stringProperties": [],
      "initialVariables": []
    },
    {
      "angle": 0,
      "customSize": true,
      "depth": 0,
      "height": 54,
      "layer": "",
      "name": "level",
      "persistentUuid": "e2678119-41f2-468f-bebf-5c69f1154185",
      "width": 134,
      "x": 27,
      "y": 18,
      "zOrder": 1,
      "numberProperties": [],
      "stringProperties": [],
      "initialVariables": []
    },
    {
      "angle": 0,
      "customSize": true,
      "depth": 0,
      "height": 57,
      "layer": "",
      "name": "Score",
      "persistentUuid": "0c9091dd-7b43-426b-9587-c5e3c60d1ac1",
      "width": 176,
      "x": 297,
      "y": 18,
      "zOrder": 2,
      "numberProperties": [],
      "stringProperties": [],
      "initialVariables": []
    },
    {
      "angle": 0,
      "customSize": true,
      "depth": 0,
      "height": 54,
      "layer": "",
      "name": "CloseRoundButton",
      "persistentUuid": "a78990e0-ab17-4dcd-8f25-396543f2e4d4",
      "width": 40,
      "x": 737,
      "y": 18,
      "zOrder": 3,
      "numberProperties": [],
      "stringProperties": [],
      "initialVariables": []
    },
    {
      "angle": 0,
      "customSize": true,
      "depth": 0,
      "height": 54,
      "layer": "",
      "name": "time",
      "persistentUuid": "f39764db-d5a3-47c9-9eb1-fc825b6b83a0",
      "width": 134,
      "x": 335,
      "y": 518,
      "zOrder": 4,
      "numberProperties": [],
      "stringProperties": [],
      "initialVariables": []
    },
    {
      "angle": 0,
      "customSize": true,
      "depth": 0,
      "height": 54,
      "layer": "",
      "name": "PauseButton",
      "persistentUuid": "497d4a10-0ed4-4e8e-abb5-a7ee7f23424c",
      "width": 40,
      "x": 27,
      "y": 518,
      "zOrder": 5,
      "numberProperties": [],
      "stringProperties": [],
      "initialVariables": []
    },
    {
      "angle": 0,
      "customSize": true,
      "depth": 0,
      "height": 71,
      "layer": "",
      "name": "QuestionKey",
      "persistentUuid": "a912c1ef-4e24-4606-80db-e5e719110e2c",
      "width": 54,
      "x": 670,
      "y": 12,
      "zOrder": 6,
      "numberProperties": [],
      "stringProperties": [],
      "initialVariables": []
    },
    {
      "angle": 0,
      "customSize": true,
      "depth": 0,
      "height": 400,
      "layer": "",
      "name": "NewPanelSprite2",
      "persistentUuid": "f0aef489-0d31-4d42-b7fb-8d5cce23a32c",
      "width": 599,
      "x": 109,
      "y": 93,
      "zOrder": 7,
      "numberProperties": [],
      "stringProperties": [],
      "initialVariables": []
    },
    {
      "angle": 0,
      "customSize": true,
      "depth": 0,
      "height": 49,
      "layer": "",
      "name": "Circle",
      "persistentUuid": "b8a78d29-d386-49d1-aa6f-92db44001f65",
      "width": 45,
      "x": 139,
      "y": 408,
      "zOrder": 8,
      "numberProperties": [],
      "stringProperties": [],
      "initialVariables": []
    },
    {
      "angle": 0,
      "customSize": true,
      "depth": 0,
      "height": 603,
      "layer": "",
      "name": "NewPanelSprite",
      "persistentUuid": "92900e19-9ea6-47de-b7d5-4baa1693e32a",
      "width": 802,
      "x": 1,
      "y": 1,
      "zOrder": -1,
      "numberProperties": [],
      "stringProperties": [],
      "initialVariables": []
    },
    {
      "angle": 0,
      "customSize": true,
      "depth": 0,
      "height": 32,
      "layer": "",
      "name": "NewSprite",
      "persistentUuid": "4b120890-8f9e-4471-addc-8b5111bb48aa",
      "width": 24,
      "x": 205,
      "y": 256,
      "zOrder": -2,
      "numberProperties": [],
      "stringProperties": [],
      "initialVariables": []
    },
    {
      "angle": 0,
      "customSize": true,
      "depth": 0,
      "height": 34,
      "layer": "",
      "name": "NewSprite2",
      "persistentUuid": "45683e1b-66e2-418a-8236-df47be2acfb5",
      "width": 26,
      "x": 331,
      "y": 417,
      "zOrder": -3,
      "numberProperties": [],
      "stringProperties": [],
      "initialVariables": []
    },
    {
      "angle": 0,
      "customSize": true,
      "depth": 0,
      "height": 30,
      "layer": "",
      "name": "NewSprite3",
      "persistentUuid": "4319e77b-171b-4cad-8ba1-fce0d49c372e",
      "width": 22,
      "x": 165,
      "y": 223,
      "zOrder": -4,
      "numberProperties": [],
      "stringProperties": [],
      "initialVariables": []
    },
    {
      "angle": 0,
      "customSize": true,
      "depth": 0,
      "height": 42,
      "layer": "",
      "name": "NewSprite4",
      "persistentUuid": "44ee8760-bf26-471b-bc0e-53b4ed37c453",
      "width": 34,
      "x": 338,
      "y": 259,
      "zOrder": -5,
      "numberProperties": [],
      "stringProperties": [],
      "initialVariables": []
    },
    {
      "angle": 0,
      "customSize": true,
      "depth": 0,
      "height": 33,
      "layer": "",
      "name": "NewSprite5",
      "persistentUuid": "acee5d04-ad64-48c3-a904-44a26bdfaaaa",
      "width": 84,
      "x": 140,
      "y": 143,
      "zOrder": -6,
      "numberProperties": [],
      "stringProperties": [],
      "initialVariables": []
    },
    {
      "angle": 0,
      "customSize": true,
      "depth": 0,
      "height": 33,
      "layer": "",
      "name": "NewSprite6",
      "persistentUuid": "945e50b2-cbdc-42e5-978d-46bf2b438ef8",
      "width": 26,
      "x": 575,
      "y": 271,
      "zOrder": -7,
      "numberProperties": [],
      "stringProperties": [],
      "initialVariables": []
    },
    {
      "angle": 0,
      "customSize": true,
      "depth": 0,
      "height": 47,
      "layer": "",
      "name": "NewSprite6",
      "persistentUuid": "1dfa2f7b-fa26-4f21-9dce-1169f5df3af2",
      "width": 32,
      "x": 288,
      "y": 264,
      "zOrder": -8,
      "numberProperties": [],
      "stringProperties": [],
      "initialVariables": []
    },
    {
      "angle": 0,
      "customSize": true,
      "depth": 0,
      "height": 29,
      "layer": "",
      "name": "NewSprite7",
      "persistentUuid": "f7a768e5-fa30-40c8-ae09-ece715a64b6b",
      "width": 20,
      "x": 234,
      "y": 327,
      "zOrder": -9,
      "numberProperties": [],
      "stringProperties": [],
      "initialVariables": []
    },
    {
      "angle": 0,
      "customSize": true,
      "depth": 0,
      "height": 26,
      "layer": "",
      "name": "NewSprite8",
      "persistentUuid": "bfbf346e-20b2-4276-af75-037cfa86df6f",
      "width": 19,
      "x": 266,
      "y": 391,
      "zOrder": -10,
      "numberProperties": [],
      "stringProperties": [],
      "initialVariables": []
    },
    {
      "angle": 0,
      "customSize": true,
      "depth": 0,
      "height": 26,
      "layer": "",
      "name": "NewSprite9",
      "persistentUuid": "7214d876-8f88-4154-bca6-bbb8dc61c31c",
      "width": 18,
      "x": 318,
      "y": 377,
      "zOrder": -11,
      "numberProperties": [],
      "stringProperties": [],
      "initialVariables": []
    },
    {
      "angle": 0,
      "customSize": true,
      "depth": 0,
      "height": 31,
      "layer": "",
      "name": "NewSprite10",
      "persistentUuid": "b6b7016c-0c77-4ae6-adc7-ea5800f0dca0",
      "width": 23,
      "x": 147,
      "y": 420,
      "zOrder": -12,
      "numberProperties": [],
      "stringProperties": [],
      "initialVariables": []
    },
    {
      "angle": 180,
      "customSize": true,
      "depth": 0,
      "height": 259,
      "layer": "",
      "name": "Message",
      "persistentUuid": "7c94d09e-b5d8-4c79-9fbc-8c7edbf8786a",
      "width": 255,
      "x": 451,
      "y": 71,
      "zOrder": 9,
      "numberProperties": [],
      "stringProperties": [],
      "initialVariables": []
    },
    {
      "angle": 0,
      "customSize": true,
      "depth": 0,
      "height": 114,
      "layer": "",
      "name": "NewText",
      "persistentUuid": "0b51c1be-972d-42aa-8a84-f29f834e3d4c",
      "width": 180,
      "x": 490,
      "y": 168,
      "zOrder": 10,
      "numberProperties": [],
      "stringProperties": [],
      "initialVariables": []
    }
  ],
  "objects": [
    {
      "assetStoreId": "",
      "bottomMargin": 0,
      "height": 32,
      "leftMargin": 0,
      "name": "NewPanelSprite",
      "rightMargin": 0,
      "tags": "",
      "texture": "assets_focus\\89374e2c-d3af-4504-bc80-4e41f6412488.jpg",
      "tiled": false,
      "topMargin": 0,
      "type": "PanelSpriteObject::PanelSprite",
      "width": 32,
      "variables": [],
      "effects": [],
      "behaviors": []
    },
    {
      "assetStoreId": "",
      "name": "Circle",
      "tags": "",
      "type": "PrimitiveDrawing::Drawer",
      "variables": [],
      "effects": [],
      "behaviors": [],
      "fillOpacity": 0,
      "outlineSize": 5,
      "outlineOpacity": 255,
      "fillColor": {
        "b": 255,
        "g": 255,
        "r": 255
      },
      "outlineColor": {
        "b": 0,
        "g": 0,
        "r": 255
      },
      "absoluteCoordinates": false,
      "clearBetweenFrames": false,
      "antialiasing": "high"
    },
    {
      "assetStoreId": "",
      "bottomMargin": 0,
      "height": 32,
      "leftMargin": 0,
      "name": "NewPanelSprite2",
      "rightMargin": 0,
      "tags": "",
      "texture": "assets_focus\\spot the difference-min.jpg",
      "tiled": false,
      "topMargin": 0,
      "type": "PanelSpriteObject::PanelSprite",
      "width": 32,
      "variables": [],
      "effects": [],
      "behaviors": []
    },
    {
      "assetStoreId": "",
      "bold": false,
      "italic": false,
      "name": "level",
      "smoothed": true,
      "tags": "",
      "type": "TextObject::Text",
      "underlined": false,
      "variables": [],
      "effects": [],
      "behaviors": [],
      "string": "Level 2",
      "font": "",
      "textAlignment": "left",
      "characterSize": 30,
      "color": {
        "b": 255,
        "g": 255,
        "r": 255
      }
    },
    {
      "assetStoreId": "",
      "bold": false,
      "italic": false,
      "name": "Score",
      "smoothed": true,
      "tags": "",
      "type": "TextObject::Text",
      "underlined": false,
      "variables": [],
      "effects": [],
      "behaviors": [],
      "string": "\n",
      "font": "",
      "textAlignment": "center",
      "characterSize": 28,
      "color": {
        "b": 255,
        "g": 255,
        "r": 255
      }
    },
    {
      "assetStoreId": "9feea21021fed32759f656148f5f19ee01de5dfbca1fc1f6beb47304d3de839e",
      "name": "CloseRoundButton",
      "tags": "",
      "type": "Sprite",
      "updateIfNotVisible": false,
      "variables": [],
      "effects": [],
      "behaviors": [],
      "animations": [
        {
          "name": "",
          "useMultipleDirections": false,
          "directions": [
            {
              "looping": true,
              "timeBetweenFrames": 0.025,
              "sprites": [
                {
                  "hasCustomCollisionMask": false,
                  "image": "assets_focus\\Close round button.png",
                  "points": [],
                  "originPoint": {
                    "name": "origine",
                    "x": 0,
                    "y": 0
                  },
                  "centerPoint": {
                    "automatic": true,
                    "name": "centre",
                    "x": 0,
                    "y": 0
                  },
                  "customCollisionMask": []
                }
              ]
            }
          ]
        }
      ]
    },
    {
      "assetStoreId": "",
      "bold": false,
      "italic": false,
      "name": "time",
      "smoothed": true,
      "tags": "",
      "type": "TextObject::Text",
      "underlined": false,
      "variables": [],
      "effects": [],
      "behaviors": [],
      "string": "",
      "font": "",
      "textAlignment": "center",
      "characterSize": 30,
      "color": {
        "b": 255,
        "g": 255,
        "r": 255
      }
    },
    {
      "assetStoreId": "d83498247c04f8ab98f07c182f71fd8f25cbcf7fd332b52414a29da3867d0959",
      "name": "PauseButton",
      "tags": "",
      "type": "Sprite",
      "updateIfNotVisible": false,
      "variables": [],
      "effects": [],
      "behaviors": [],
      "animations": [
        {
          "name": "",
          "useMultipleDirections": false,
          "directions": [
            {
              "looping": true,
              "timeBetweenFrames": 0.025,
              "sprites": [
                {
                  "hasCustomCollisionMask": false,
                  "image": "assets_focus\\Pause button.png",
                  "points": [],
                  "originPoint": {
                    "name": "origine",
                    "x": 0,
                    "y": 0
                  },
                  "centerPoint": {
                    "automatic": true,
                    "name": "centre",
                    "x": 0,
                    "y": 0
                  },
                  "customCollisionMask": []
                }
              ]
            }
          ]
        }
      ]
    },
    {
      "assetStoreId": "5b90222bca187d2a7703d7135fb1b47363c6ea1b9eeff7014888376a457212be",
      "name": "QuestionKey",
      "tags": "",
      "type": "Sprite",
      "updateIfNotVisible": false,
      "variables": [],
      "effects": [],
      "behaviors": [],
      "animations": [
        {
          "name": "",
          "useMultipleDirections": false,
          "directions": [
            {
              "looping": true,
              "timeBetweenFrames": 0.025,
              "sprites": [
                {
                  "hasCustomCollisionMask": false,
                  "image": "assets_focus\\Question Key.png",
                  "points": [],
                  "originPoint": {
                    "name": "origine",
                    "x": 0,
                    "y": 0
                  },
                  "centerPoint": {
                    "automatic": true,
                    "name": "centre",
                    "x": 0,
                    "y": 0
                  },
                  "customCollisionMask": []
                }
              ]
            }
          ]
        }
      ]
    },
    {
      "assetStoreId": "",
      "name": "NewSprite",
      "tags": "",
      "type": "Sprite",
      "updateIfNotVisible": false,
      "variables": [],
      "effects": [],
      "behaviors": [],
      "animations": [
        {
          "name": "",
          "useMultipleDirections": false,
          "directions": [
            {
              "looping": false,
              "timeBetweenFrames": 0.08,
              "sprites": [
                {
                  "hasCustomCollisionMask": false,
                  "image": "assets_focus\\download.png",
                  "points": [],
                  "originPoint": {
                    "name": "origine",
                    "x": 0,
                    "y": 0
                  },
                  "centerPoint": {
                    "automatic": true,
                    "name": "centre",
                    "x": 0,
                    "y": 0
                  },
                  "customCollisionMask": []
                },
                {
                  "hasCustomCollisionMask": false,
                  "image": "assets_focus\\download.png",
                  "points": [],
                  "originPoint": {
                    "name": "origine",
                    "x": 0,
                    "y": 0
                  },
                  "centerPoint": {
                    "automatic": true,
                    "name": "centre",
                    "x": 0,
                    "y": 0
                  },
                  "customCollisionMask": []
                }
              ]
            }
          ]
        }
      ]
    },
    {
      "assetStoreId": "",
      "name": "NewSprite2",
      "tags": "",
      "type": "Sprite",
      "updateIfNotVisible": false,
      "variables": [],
      "effects": [],
      "behaviors": [],
      "animations": [
        {
          "name": "",
          "useMultipleDirections": false,
          "directions": [
            {
              "looping": false,
              "timeBetweenFrames": 0.08,
              "sprites": [
                {
                  "hasCustomCollisionMask": false,
                  "image": "assets_focus\\download.png",
                  "points": [],
                  "originPoint": {
                    "name": "origine",
                    "x": 0,
                    "y": 0
                  },
                  "centerPoint": {
                    "automatic": true,
                    "name": "centre",
                    "x": 0,
                    "y": 0
                  },
                  "customCollisionMask": []
                },
                {
                  "hasCustomCollisionMask": false,
                  "image": "assets_focus\\download.png",
                  "points": [],
                  "originPoint": {
                    "name": "origine",
                    "x": 0,
                    "y": 0
                  },
                  "centerPoint": {
                    "automatic": true,
                    "name": "centre",
                    "x": 0,
                    "y": 0
                  },
                  "customCollisionMask": []
                }
              ]
            }
          ]
        }
      ]
    },
    {
      "assetStoreId": "",
      "name": "NewSprite3",
      "tags": "",
      "type": "Sprite",
      "updateIfNotVisible": false,
      "variables": [],
      "effects": [],
      "behaviors": [],
      "animations": [
        {
          "name": "",
          "useMultipleDirections": false,
          "directions": [
            {
              "looping": false,
              "timeBetweenFrames": 0.08,
              "sprites": [
                {
                  "hasCustomCollisionMask": false,
                  "image": "assets_focus\\download.png",
                  "points": [],
                  "originPoint": {
                    "name": "origine",
                    "x": 0,
                    "y": 0
                  },
                  "centerPoint": {
                    "automatic": true,
                    "name": "centre",
                    "x": 0,
                    "y": 0
                  },
                  "customCollisionMask": []
                },
                {
                  "hasCustomCollisionMask": false,
                  "image": "assets_focus\\download.png",
                  "points": [],
                  "originPoint": {
                    "name": "origine",
                    "x": 0,
                    "y": 0
                  },
                  "centerPoint": {
                    "automatic": true,
                    "name": "centre",
                    "x": 0,
                    "y": 0
                  },
                  "customCollisionMask": []
                }
              ]
            }
          ]
        }
      ]
    },
    {
      "assetStoreId": "",
      "name": "NewSprite4",
      "tags": "",
      "type": "Sprite",
      "updateIfNotVisible": false,
      "variables": [],
      "effects": [],
      "behaviors": [],
      "animations": [
        {
          "name": "",
          "useMultipleDirections": false,
          "directions": [
            {
              "looping": false,
              "timeBetweenFrames": 0.08,
              "sprites": [
                {
                  "hasCustomCollisionMask": false,
                  "image": "assets_focus\\download.png",
                  "points": [],
                  "originPoint": {
                    "name": "origine",
                    "x": 0,
                    "y": 0
                  },
                  "centerPoint": {
                    "automatic": true,
                    "name": "centre",
                    "x": 0,
                    "y": 0
                  },
                  "customCollisionMask": []
                },
                {
                  "hasCustomCollisionMask": false,
                  "image": "assets_focus\\download.png",
                  "points": [],
                  "originPoint": {
                    "name": "origine",
                    "x": 0,
                    "y": 0
                  },
                  "centerPoint": {
                    "automatic": true,
                    "name": "centre",
                    "x": 0,
                    "y": 0
                  },
                  "customCollisionMask": []
                }
              ]
            }
          ]
        }
      ]
    },
    {
      "assetStoreId": "",
      "name": "NewSprite5",
      "tags": "",
      "type": "Sprite",
      "updateIfNotVisible": false,
      "variables": [],
      "effects": [],
      "behaviors": [],
      "animations": [
        {
          "name": "",
          "useMultipleDirections": false,
          "directions": [
            {
              "looping": false,
              "timeBetweenFrames": 0.08,
              "sprites": [
                {
                  "hasCustomCollisionMask": false,
                  "image": "assets_focus\\download.png",
                  "points": [],
                  "originPoint": {
                    "name": "origine",
                    "x": 0,
                    "y": 0
                  },
                  "centerPoint": {
                    "automatic": true,
                    "name": "centre",
                    "x": 0,
                    "y": 0
                  },
                  "customCollisionMask": []
                },
                {
                  "hasCustomCollisionMask": false,
                  "image": "assets_focus\\download.png",
                  "points": [],
                  "originPoint": {
                    "name": "origine",
                    "x": 0,
                    "y": 0
                  },
                  "centerPoint": {
                    "automatic": true,
                    "name": "centre",
                    "x": 0,
                    "y": 0
                  },
                  "customCollisionMask": []
                }
              ]
            }
          ]
        }
      ]
    },
    {
      "assetStoreId": "",
      "name": "NewSprite6",
      "tags": "",
      "type": "Sprite",
      "updateIfNotVisible": false,
      "variables": [],
      "effects": [],
      "behaviors": [],
      "animations": [
        {
          "name": "",
          "useMultipleDirections": false,
          "directions": [
            {
              "looping": false,
              "timeBetweenFrames": 0.08,
              "sprites": [
                {
                  "hasCustomCollisionMask": false,
                  "image": "assets_focus\\download.png",
                  "points": [],
                  "originPoint": {
                    "name": "origine",
                    "x": 0,
                    "y": 0
                  },
                  "centerPoint": {
                    "automatic": true,
                    "name": "centre",
                    "x": 0,
                    "y": 0
                  },
                  "customCollisionMask": []
                },
                {
                  "hasCustomCollisionMask": false,
                  "image": "assets_focus\\download.png",
                  "points": [],
                  "originPoint": {
                    "name": "origine",
                    "x": 0,
                    "y": 0
                  },
                  "centerPoint": {
                    "automatic": true,
                    "name": "centre",
                    "x": 0,
                    "y": 0
                  },
                  "customCollisionMask": []
                }
              ]
            }
          ]
        }
      ]
    },
    {
      "assetStoreId": "",
      "name": "NewSprite7",
      "tags": "",
      "type": "Sprite",
      "updateIfNotVisible": false,
      "variables": [],
      "effects": [],
      "behaviors": [],
      "animations": [
        {
          "name": "",
          "useMultipleDirections": false,
          "directions": [
            {
              "looping": false,
              "timeBetweenFrames": 0.08,
              "sprites": [
                {
                  "hasCustomCollisionMask": false,
                  "image": "assets_focus\\download.png",
                  "points": [],
                  "originPoint": {
                    "name": "origine",
                    "x": 0,
                    "y": 0
                  },
                  "centerPoint": {
                    "automatic": true,
                    "name": "centre",
                    "x": 0,
                    "y": 0
                  },
                  "customCollisionMask": []
                },
                {
                  "hasCustomCollisionMask": false,
                  "image": "assets_focus\\download.png",
                  "points": [],
                  "originPoint": {
                    "name": "origine",
                    "x": 0,
                    "y": 0
                  },
                  "centerPoint": {
                    "automatic": true,
                    "name": "centre",
                    "x": 0,
                    "y": 0
                  },
                  "customCollisionMask": []
                }
              ]
            }
          ]
        }
      ]
    },
    {
      "assetStoreId": "",
      "name": "NewSprite8",
      "tags": "",
      "type": "Sprite",
      "updateIfNotVisible": false,
      "variables": [],
      "effects": [],
      "behaviors": [],
      "animations": [
        {
          "name": "",
          "useMultipleDirections": false,
          "directions": [
            {
              "looping": false,
              "timeBetweenFrames": 0.08,
              "sprites": [
                {
                  "hasCustomCollisionMask": false,
                  "image": "assets_focus\\download.png",
                  "points": [],
                  "originPoint": {
                    "name": "origine",
                    "x": 0,
                    "y": 0
                  },
                  "centerPoint": {
                    "automatic": true,
                    "name": "centre",
                    "x": 0,
                    "y": 0
                  },
                  "customCollisionMask": []
                },
                {
                  "hasCustomCollisionMask": false,
                  "image": "assets_focus\\download.png",
                  "points": [],
                  "originPoint": {
                    "name": "origine",
                    "x": 0,
                    "y": 0
                  },
                  "centerPoint": {
                    "automatic": true,
                    "name": "centre",
                    "x": 0,
                    "y": 0
                  },
                  "customCollisionMask": []
                }
              ]
            }
          ]
        }
      ]
    },
    {
      "assetStoreId": "",
      "name": "NewSprite9",
      "tags": "",
      "type": "Sprite",
      "updateIfNotVisible": false,
      "variables": [],
      "effects": [],
      "behaviors": [],
      "animations": [
        {
          "name": "",
          "useMultipleDirections": false,
          "directions": [
            {
              "looping": false,
              "timeBetweenFrames": 0.08,
              "sprites": [
                {
                  "hasCustomCollisionMask": false,
                  "image": "assets_focus\\download.png",
                  "points": [],
                  "originPoint": {
                    "name": "origine",
                    "x": 0,
                    "y": 0
                  },
                  "centerPoint": {
                    "automatic": true,
                    "name": "centre",
                    "x": 0,
                    "y": 0
                  },
                  "customCollisionMask": []
                },
                {
                  "hasCustomCollisionMask": false,
                  "image": "assets_focus\\download.png",
                  "points": [],
                  "originPoint": {
                    "name": "origine",
                    "x": 0,
                    "y": 0
                  },
                  "centerPoint": {
                    "automatic": true,
                    "name": "centre",
                    "x": 0,
                    "y": 0
                  },
                  "customCollisionMask": []
                }
              ]
            }
          ]
        }
      ]
    },
    {
      "assetStoreId": "",
      "name": "NewSprite10",
      "tags": "",
      "type": "Sprite",
      "updateIfNotVisible": false,
      "variables": [],
      "effects": [],
      "behaviors": [],
      "animations": [
        {
          "name": "",
          "useMultipleDirections": false,
          "directions": [
            {
              "looping": false,
              "timeBetweenFrames": 0.08,
              "sprites": [
                {
                  "hasCustomCollisionMask": false,
                  "image": "assets_focus\\download.png",
                  "points": [],
                  "originPoint": {
                    "name": "origine",
                    "x": 0,
                    "y": 0
                  },
                  "centerPoint": {
                    "automatic": true,
                    "name": "centre",
                    "x": 0,
                    "y": 0
                  },
                  "customCollisionMask": []
                },
                {
                  "hasCustomCollisionMask": false,
                  "image": "assets_focus\\download.png",
                  "points": [],
                  "originPoint": {
                    "name": "origine",
                    "x": 0,
                    "y": 0
                  },
                  "centerPoint": {
                    "automatic": true,
                    "name": "centre",
                    "x": 0,
                    "y": 0
                  },
                  "customCollisionMask": []
                }
              ]
            }
          ]
        }
      ]
    },
    {
      "assetStoreId": "e4f6d5a32e2554b7f38d3677e0ac722dcd2701fde470a9225f0e5ab075651d73",
      "name": "Message",
      "tags": "",
      "type": "Sprite",
      "updateIfNotVisible": false,
      "variables": [],
      "effects": [],
      "behaviors": [],
      "animations": [
        {
          "name": "",
          "useMultipleDirections": false,
          "directions": [
            {
              "looping": true,
              "timeBetweenFrames": 0.025,
              "sprites": [
                {
                  "hasCustomCollisionMask": false,
                  "image": "assets_focus\\Message.png",
                  "points": [],
                  "originPoint": {
                    "name": "origine",
                    "x": 0,
                    "y": 0
                  },
                  "centerPoint": {
                    "automatic": true,
                    "name": "centre",
                    "x": 0,
                    "y": 0
                  },
                  "customCollisionMask": []
                }
              ]
            }
          ]
        }
      ]
    },
    {
      "assetStoreId": "",
      "bold": false,
      "italic": false,
      "name": "NewText",
      "smoothed": true,
      "tags": "",
      "type": "TextObject::Text",
      "underlined": false,
      "variables": [],
      "effects": [],
      "behaviors": [],
      "string": "Click the different on the left side picture",
      "font": "",
      "textAlignment": "left",
      "characterSize": 30,
      "color": {
        "b": 0,
        "g": 0,
        "r": 0
      }
    }
  ],
  "events": [
    {
      "type": "BuiltinCommonInstructions::Standard",
      "conditions": [
        {
          "type": {
            "value": "DepartScene"
          },
          "parameters": [
            ""
          ]
        }
      ],
      "actions": [
        {
          "type": {
            "value": "ResetTimer"
          },
          "parameters": [
            "",
            "\"CountDown\""
          ]
        }
      ]
    },
    {
      "type": "BuiltinCommonInstructions::Standard",
      "conditions": [],
      "actions": [
        {
          "type": {
            "value": "TextObject::String"
          },
          "parameters": [
            "time",
            "=",
            "\"Time: \" + ToString(round(abs(TimerElapsedTime(\"CountDown\")-120)))"
          ]
        }
      ]
    },
    {
      "type": "BuiltinCommonInstructions::Standard",
      "conditions": [
        {
          "type": {
            "value": "CompareTimer"
          },
          "parameters": [
            "",
            "\"CountDown\"",
            ">",
            "120"
          ]
        }
      ],
      "actions": [
        {
          "type": {
            "value": "Scene"
          },
          "parameters": [
            "",
            "\"Try again\"",
            ""
          ]
        }
      ]
    },
    {
      "folded": true,
      "type": "BuiltinCommonInstructions::Standard",
      "conditions": [],
      "actions": [
        {
          "type": {
            "value": "TextObject::String"
          },
          "parameters": [
            "Score",
            "=",
            "\"Score:\" + GlobalVariableString(Score)"
          ]
        }
      ]
    },
    {
      "type": "BuiltinCommonInstructions::Standard",
      "conditions": [
        {
          "type": {
            "value": "VarGlobal"
          },
          "parameters": [
            "Score",
            "=",
            "1000"
          ]
        }
      ],
      "actions": [
        {
          "type": {
            "value": "Scene"
          },
          "parameters": [
            "",
            "\"Good Job \"",
            ""
          ]
        }
      ]
    },
    {
      "folded": true,
      "type": "BuiltinCommonInstructions::Standard",
      "conditions": [
        {
          "type": {
            "value": "SourisSurObjet"
          },
          "parameters": [
            "NewSprite",
            "",
            "",
            ""
          ]
        },
        {
          "type": {
            "value": "MouseButtonReleased"
          },
          "parameters": [
            "",
            "Left"
          ]
        }
      ],
      "actions": [
        {
          "type": {
            "value": "Cache"
          },
          "parameters": [
            "NewSprite"
          ]
        },
        {
          "type": {
            "value": "PrimitiveDrawing::Circle"
          },
          "parameters": [
            "Circle",
            "90",
            "-150",
            "40"
          ]
        },
        {
          "type": {
            "value": "Montre"
          },
          "parameters": [
            "Circle",
            ""
          ]
        },
        {
          "type": {
            "value": "ModVarGlobal"
          },
          "parameters": [
            "Score",
            "+",
            "100"
          ]
        }
      ]
    },
    {
      "folded": true,
      "type": "BuiltinCommonInstructions::Standard",
      "conditions": [
        {
          "type": {
            "value": "SourisSurObjet"
          },
          "parameters": [
            "NewSprite2",
            "",
            "",
            ""
          ]
        },
        {
          "type": {
            "value": "MouseButtonReleased"
          },
          "parameters": [
            "",
            "Left"
          ]
        }
      ],
      "actions": [
        {
          "type": {
            "value": "Cache"
          },
          "parameters": [
            "NewSprite2"
          ]
        },
        {
          "type": {
            "value": "PrimitiveDrawing::Circle"
          },
          "parameters": [
            "Circle",
            "200",
            "20",
            "30"
          ]
        },
        {
          "type": {
            "value": "Montre"
          },
          "parameters": [
            "Circle",
            ""
          ]
        },
        {
          "type": {
            "value": "ModVarGlobal"
          },
          "parameters": [
            "Score",
            "+",
            "100"
          ]
        }
      ]
    },
    {
      "folded": true,
      "type": "BuiltinCommonInstructions::Standard",
      "conditions": [
        {
          "type": {
            "value": "SourisSurObjet"
          },
          "parameters": [
            "NewSprite3",
            "",
            "",
            ""
          ]
        },
        {
          "type": {
            "value": "MouseButtonReleased"
          },
          "parameters": [
            "",
            "Left"
          ]
        }
      ],
      "actions": [
        {
          "type": {
            "value": "Cache"
          },
          "parameters": [
            "NewSprite3"
          ]
        },
        {
          "type": {
            "value": "PrimitiveDrawing::Circle"
          },
          "parameters": [
            "Circle",
            "30",
            "-180",
            "30"
          ]
        },
        {
          "type": {
            "value": "Montre"
          },
          "parameters": [
            "Circle",
            ""
          ]
        },
        {
          "type": {
            "value": "ModVarGlobal"
          },
          "parameters": [
            "Score",
            "+",
            "100"
          ]
        }
      ]
    },
    {
      "folded": true,
      "type": "BuiltinCommonInstructions::Standard",
      "conditions": [
        {
          "type": {
            "value": "SourisSurObjet"
          },
          "parameters": [
            "NewSprite4",
            "",
            "",
            ""
          ]
        },
        {
          "type": {
            "value": "MouseButtonReleased"
          },
          "parameters": [
            "",
            "Left"
          ]
        }
      ],
      "actions": [
        {
          "type": {
            "value": "Cache"
          },
          "parameters": [
            "NewSprite4"
          ]
        },
        {
          "type": {
            "value": "PrimitiveDrawing::Circle"
          },
          "parameters": [
            "Circle",
            "220",
            "-100",
            "40"
          ]
        },
        {
          "type": {
            "value": "Montre"
          },
          "parameters": [
            "Circle",
            ""
          ]
        },
        {
          "type": {
            "value": "ModVarGlobal"
          },
          "parameters": [
            "Score",
            "+",
            "100"
          ]
        }
      ]
    },
    {
      "folded": true,
      "type": "BuiltinCommonInstructions::Standard",
      "conditions": [
        {
          "type": {
            "value": "SourisSurObjet"
          },
          "parameters": [
            "NewSprite5",
            "",
            "",
            ""
          ]
        },
        {
          "type": {
            "value": "MouseButtonReleased"
          },
          "parameters": [
            "",
            "Left"
          ]
        }
      ],
      "actions": [
        {
          "type": {
            "value": "Cache"
          },
          "parameters": [
            "NewSprite5"
          ]
        },
        {
          "type": {
            "value": "PrimitiveDrawing::Ellipse"
          },
          "parameters": [
            "Circle",
            "80",
            "-250",
            "200",
            "80"
          ]
        },
        {
          "type": {
            "value": "Montre"
          },
          "parameters": [
            "Circle",
            ""
          ]
        },
        {
          "type": {
            "value": "ModVarGlobal"
          },
          "parameters": [
            "Score",
            "+",
            "100"
          ]
        }
      ]
    },
    {
      "folded": true,
      "type": "BuiltinCommonInstructions::Standard",
      "conditions": [
        {
          "type": {
            "value": "SourisSurObjet"
          },
          "parameters": [
            "NewSprite6",
            "",
            "",
            ""
          ]
        },
        {
          "type": {
            "value": "MouseButtonReleased"
          },
          "parameters": [
            "",
            "Left"
          ]
        }
      ],
      "actions": [
        {
          "type": {
            "value": "Cache"
          },
          "parameters": [
            "NewSprite6"
          ]
        },
        {
          "type": {
            "value": "PrimitiveDrawing::Circle"
          },
          "parameters": [
            "Circle",
            "170",
            "-120",
            "40"
          ]
        },
        {
          "type": {
            "value": "Montre"
          },
          "parameters": [
            "Circle",
            ""
          ]
        },
        {
          "type": {
            "value": "ModVarGlobal"
          },
          "parameters": [
            "Score",
            "+",
            "100"
          ]
        }
      ]
    },
    {
      "folded": true,
      "type": "BuiltinCommonInstructions::Standard",
      "conditions": [
        {
          "type": {
            "value": "SourisSurObjet"
          },
          "parameters": [
            "NewSprite7",
            "",
            "",
            ""
          ]
        },
        {
          "type": {
            "value": "MouseButtonReleased"
          },
          "parameters": [
            "",
            "Left"
          ]
        }
      ],
      "actions": [
        {
          "type": {
            "value": "Cache"
          },
          "parameters": [
            "NewSprite7"
          ]
        },
        {
          "type": {
            "value": "PrimitiveDrawing::Circle"
          },
          "parameters": [
            "Circle",
            "120",
            "-70",
            "30"
          ]
        },
        {
          "type": {
            "value": "Montre"
          },
          "parameters": [
            "Circle",
            ""
          ]
        },
        {
          "type": {
            "value": "ModVarGlobal"
          },
          "parameters": [
            "Score",
            "+",
            "100"
          ]
        }
      ]
    },
    {
      "folded": true,
      "type": "BuiltinCommonInstructions::Standard",
      "conditions": [
        {
          "type": {
            "value": "SourisSurObjet"
          },
          "parameters": [
            "NewSprite8",
            "",
            "",
            ""
          ]
        },
        {
          "type": {
            "value": "MouseButtonReleased"
          },
          "parameters": [
            "",
            "Left"
          ]
        }
      ],
      "actions": [
        {
          "type": {
            "value": "Cache"
          },
          "parameters": [
            "NewSprite8"
          ]
        },
        {
          "type": {
            "value": "PrimitiveDrawing::Circle"
          },
          "parameters": [
            "Circle",
            "130",
            "-15",
            "30"
          ]
        },
        {
          "type": {
            "value": "Montre"
          },
          "parameters": [
            "Circle",
            ""
          ]
        },
        {
          "type": {
            "value": "ModVarGlobal"
          },
          "parameters": [
            "Score",
            "+",
            "100"
          ]
        }
      ]
    },
    {
      "folded": true,
      "type": "BuiltinCommonInstructions::Standard",
      "conditions": [
        {
          "type": {
            "value": "SourisSurObjet"
          },
          "parameters": [
            "NewSprite9",
            "",
            "",
            ""
          ]
        },
        {
          "type": {
            "value": "MouseButtonReleased"
          },
          "parameters": [
            "",
            "Left"
          ]
        }
      ],
      "actions": [
        {
          "type": {
            "value": "Cache"
          },
          "parameters": [
            "NewSprite9"
          ]
        },
        {
          "type": {
            "value": "PrimitiveDrawing::Circle"
          },
          "parameters": [
            "Circle",
            "190",
            "-20",
            "20"
          ]
        },
        {
          "type": {
            "value": "Montre"
          },
          "parameters": [
            "Circle",
            ""
          ]
        },
        {
          "type": {
            "value": "ModVarGlobal"
          },
          "parameters": [
            "Score",
            "+",
            "100"
          ]
        }
      ]
    },
    {
      "folded": true,
      "type": "BuiltinCommonInstructions::Standard",
      "conditions": [
        {
          "type": {
            "value": "SourisSurObjet"
          },
          "parameters": [
            "NewSprite10",
            "",
            "",
            ""
          ]
        },
        {
          "type": {
            "value": "MouseButtonReleased"
          },
          "parameters": [
            "",
            "Left"
          ]
        }
      ],
      "actions": [
        {
          "type": {
            "value": "Cache"
          },
          "parameters": [
            "NewSprite10"
          ]
        },
        {
          "type": {
            "value": "PrimitiveDrawing::Circle"
          },
          "parameters": [
            "Circle",
            "30",
            "20",
            "40"
          ]
        },
        {
          "type": {
            "value": "Montre"
          },
          "parameters": [
            "Circle",
            ""
          ]
        },
        {
          "type": {
            "value": "ModVarGlobal"
          },
          "parameters": [
            "Score",
            "+",
            "100"
          ]
        }
      ]
    },
    {
      "type": "BuiltinCommonInstructions::Standard",
      "conditions": [
        {
          "type": {
            "value": "SourisSurObjet"
          },
          "parameters": [
            "CloseRoundButton",
            "",
            "",
            ""
          ]
        },
        {
          "type": {
            "value": "MouseButtonReleased"
          },
          "parameters": [
            "",
            "Left"
          ]
        }
      ],
      "actions": [
        {
          "type": {
            "value": "Scene"
          },
          "parameters": [
            "",
            "\"Challenge&Relax\"",
            ""
          ]
        }
      ]
    },
    {
      "type": "BuiltinCommonInstructions::Standard",
      "conditions": [
        {
          "type": {
            "value": "SourisSurObjet"
          },
          "parameters": [
            "PauseButton",
            "",
            "",
            ""
          ]
        },
        {
          "type": {
            "value": "MouseButtonReleased"
          },
          "parameters": [
            "",
            "Left"
          ]
        }
      ],
      "actions": [
        {
          "type": {
            "value": "ToggleSceneVariableAsBoolean"
          },
          "parameters": [
            "pause"
          ]
        }
      ]
    },
    {
      "type": "BuiltinCommonInstructions::Standard",
      "conditions": [
        {
          "type": {
            "value": "SceneVariableAsBoolean"
          },
          "parameters": [
            "pause",
            "True"
          ]
        }
      ],
      "actions": [
        {
          "type": {
            "value": "ChangeTimeScale"
          },
          "parameters": [
            "",
            "0"
          ]
        }
      ]
    },
    {
      "type": "BuiltinCommonInstructions::Standard",
      "conditions": [
        {
          "type": {
            "value": "SceneVariableAsBoolean"
          },
          "parameters": [
            "pause",
            ""
          ]
        }
      ],
      "actions": [
        {
          "type": {
            "value": "ChangeTimeScale"
          },
          "parameters": [
            "",
            "1"
          ]
        }
      ]
    },
    {
      "type": "BuiltinCommonInstructions::Standard",
      "conditions": [],
      "actions": [
        {
          "type": {
            "value": "Cache"
          },
          "parameters": [
            "Message"
          ]
        },
        {
          "type": {
            "value": "Cache"
          },
          "parameters": [
            "NewText"
          ]
        }
      ]
    },
    {
      "type": "BuiltinCommonInstructions::Standard",
      "conditions": [
        {
          "type": {
            "value": "SourisSurObjet"
          },
          "parameters": [
            "QuestionKey",
            "",
            "",
            ""
          ]
        }
      ],
      "actions": [
        {
          "type": {
            "value": "Montre"
          },
          "parameters": [
            "Message",
            ""
          ]
        },
        {
          "type": {
            "value": "Montre"
          },
          "parameters": [
            "NewText",
            ""
          ]
        }
      ]
    }
  ],
  "layers": [
    {
      "ambientLightColorB": 200,
      "ambientLightColorG": 200,
      "ambientLightColorR": 200,
      "camera3DFarPlaneDistance": 10000,
      "camera3DFieldOfView": 45,
      "camera3DNearPlaneDistance": 0.1,
      "followBaseLayerCamera": false,
      "isLightingLayer": false,
      "isLocked": false,
      "name": "",
      "renderingType": "",
      "visibility": true,
      "cameras": [
        {
          "defaultSize": true,
          "defaultViewport": true,
          "height": 0,
          "viewportBottom": 1,
          "viewportLeft": 0,
          "viewportRight": 1,
          "viewportTop": 0,
          "width": 0
        }
      ],
      "effects": []
    }
  ],
  "behaviorsSharedData": []
}