{
  "b": 209,
  "disableInputWhenNotFocused": true,
  "mangledName": "Game_323",
  "name": "Game 3",
  "r": 209,
  "standardSortMethod": true,
  "stopSoundsOnStartup": true,
  "title": "",
  "v": 209,
  "uiSettings": {
    "grid": false,
    "gridType": "rectangular",
    "gridWidth": 32,
    "gridHeight": 32,
    "gridOffsetX": 0,
    "gridOffsetY": 0,
    "gridColor": 10401023,
    "gridAlpha": 0.8,
    "snap": false,
    "zoomFactor": 0.8081094648115789,
    "windowMask": false
  },
  "objectsGroups": [],
  "variables": [],
  "instances": [
    {
      "angle": 0,
      "customSize": true,
      "height": 381,
      "layer": "",
      "name": "NewPanelSprite",
      "persistentUuid": "28eaf654-e81e-4dca-be19-81310c421464",
      "width": 554,
      "x": 132,
      "y": 106,
      "zOrder": 1,
      "numberProperties": [],
      "stringProperties": [],
      "initialVariables": []
    },
    {
      "angle": 0,
      "customSize": true,
      "height": 53,
      "layer": "",
      "name": "time",
      "persistentUuid": "e49ffc96-92be-4300-be2e-a1eeefe68206",
      "width": 134,
      "x": 347,
      "y": 511,
      "zOrder": 2,
      "numberProperties": [],
      "stringProperties": [],
      "initialVariables": []
    },
    {
      "angle": 0,
      "customSize": true,
      "height": 53,
      "layer": "",
      "name": "CloseRoundButton",
      "persistentUuid": "397ee084-8f0f-45bb-928d-29f3efd01f56",
      "width": 50,
      "x": 726,
      "y": 23,
      "zOrder": 3,
      "numberProperties": [],
      "stringProperties": [],
      "initialVariables": []
    },
    {
      "angle": 0,
      "customSize": true,
      "height": 53,
      "layer": "",
      "name": "PauseButton",
      "persistentUuid": "bde49ba5-6797-40b3-8fc1-1cd9f4493ecb",
      "width": 46,
      "x": 25,
      "y": 517,
      "zOrder": 4,
      "numberProperties": [],
      "stringProperties": [],
      "initialVariables": []
    },
    {
      "angle": 0,
      "customSize": true,
      "height": 53,
      "layer": "",
      "name": "Score",
      "persistentUuid": "6f31c906-00d6-4520-93b2-bb6fc48e4a8a",
      "width": 134,
      "x": 334,
      "y": 23,
      "zOrder": 5,
      "numberProperties": [],
      "stringProperties": [],
      "initialVariables": []
    },
    {
      "angle": 0,
      "customSize": true,
      "height": 53,
      "layer": "",
      "name": "level",
      "persistentUuid": "503e7011-ea8c-4c67-91be-bc6ccfb31575",
      "width": 134,
      "x": 25,
      "y": 23,
      "zOrder": 6,
      "numberProperties": [],
      "stringProperties": [],
      "initialVariables": []
    },
    {
      "angle": 0,
      "customSize": true,
      "height": 71,
      "layer": "",
      "name": "QuestionKey",
      "persistentUuid": "a57c22ff-b666-4667-92a2-8da2f7644e76",
      "width": 65,
      "x": 658,
      "y": 13,
      "zOrder": 7,
      "numberProperties": [],
      "stringProperties": [],
      "initialVariables": []
    },
    {
      "angle": 0,
      "customSize": true,
      "depth": 0,
      "height": 601,
      "layer": "",
      "name": "NewPanelSprite2",
      "persistentUuid": "846d134e-57b0-48d4-bf37-8af5c5b50b8d",
      "width": 803,
      "x": -3,
      "y": 0,
      "zOrder": 0,
      "numberProperties": [],
      "stringProperties": [],
      "initialVariables": []
    },
    {
      "angle": 0,
      "customSize": true,
      "height": 388,
      "layer": "",
      "name": "NewShapePainter",
      "persistentUuid": "67725a86-7800-468a-b165-a8db8505572c",
      "width": 282,
      "x": 132,
      "y": 106,
      "zOrder": 8,
      "numberProperties": [],
      "stringProperties": [],
      "initialVariables": []
    },
    {
      "angle": 180,
      "customSize": true,
      "height": 220,
      "layer": "",
      "name": "Message",
      "persistentUuid": "5e5ed657-0d93-4b57-bf87-a3d338c38145",
      "width": 243,
      "x": 457,
      "y": 78,
      "zOrder": 9,
      "numberProperties": [],
      "stringProperties": [],
      "initialVariables": []
    },
    {
      "angle": 0,
      "customSize": true,
      "height": 122,
      "layer": "",
      "name": "NewText",
      "persistentUuid": "1e5d647c-0ea3-4ea3-b7bf-fdc442525517",
      "width": 186,
      "x": 487,
      "y": 156,
      "zOrder": 10,
      "numberProperties": [],
      "stringProperties": [],
      "initialVariables": []
    },
    {
      "angle": 0,
      "customSize": true,
      "height": 28,
      "layer": "",
      "name": "NewSprite1",
      "persistentUuid": "64f1ac06-556d-4397-9123-0acd5e09d720",
      "width": 19,
      "x": 159,
      "y": 138,
      "zOrder": -1,
      "numberProperties": [],
      "stringProperties": [],
      "initialVariables": []
    },
    {
      "angle": 0,
      "customSize": true,
      "height": 23,
      "layer": "",
      "name": "NewSprite2",
      "persistentUuid": "d263dd6c-07d6-46c5-ae91-146656b1e312",
      "width": 21,
      "x": 213,
      "y": 126,
      "zOrder": -4,
      "numberProperties": [],
      "stringProperties": [],
      "initialVariables": []
    },
    {
      "angle": 0,
      "customSize": true,
      "height": 26,
      "layer": "",
      "name": "NewSprite3",
      "persistentUuid": "552528a0-a561-4ee2-b214-9137f5f4a8c1",
      "width": 21,
      "x": 190,
      "y": 200,
      "zOrder": -3,
      "numberProperties": [],
      "stringProperties": [],
      "initialVariables": []
    },
    {
      "angle": 0,
      "customSize": true,
      "height": 26,
      "layer": "",
      "name": "NewSprite4",
      "persistentUuid": "3610a65b-dc40-46bd-9a2c-a5f9d9fadbf9",
      "width": 20,
      "x": 244,
      "y": 199,
      "zOrder": -2,
      "numberProperties": [],
      "stringProperties": [],
      "initialVariables": []
    },
    {
      "angle": 0,
      "customSize": true,
      "height": 24,
      "layer": "",
      "name": "NewSprite5",
      "persistentUuid": "d11694d3-afab-47a7-b255-b4522b7f8f07",
      "width": 19,
      "x": 377,
      "y": 181,
      "zOrder": -5,
      "numberProperties": [],
      "stringProperties": [],
      "initialVariables": []
    },
    {
      "angle": 0,
      "customSize": true,
      "height": 26,
      "layer": "",
      "name": "NewSprite6",
      "persistentUuid": "a66ec0cb-df63-49a6-b6ff-207dd8da5aff",
      "width": 21,
      "x": 305,
      "y": 229,
      "zOrder": -6,
      "numberProperties": [],
      "stringProperties": [],
      "initialVariables": []
    },
    {
      "angle": 0,
      "customSize": true,
      "height": 33,
      "layer": "",
      "name": "NewSprite7",
      "persistentUuid": "812c6d32-aa96-4294-bfac-94d8d91786e9",
      "width": 27,
      "x": 365,
      "y": 232,
      "zOrder": -7,
      "numberProperties": [],
      "stringProperties": [],
      "initialVariables": []
    },
    {
      "angle": 0,
      "customSize": true,
      "height": 32,
      "layer": "",
      "name": "NewSprite8",
      "persistentUuid": "52cddf95-3ebc-4d80-a34d-8c42c77a0584",
      "width": 27,
      "x": 195,
      "y": 298,
      "zOrder": -8,
      "numberProperties": [],
      "stringProperties": [],
      "initialVariables": []
    },
    {
      "angle": 0,
      "customSize": true,
      "height": 31,
      "layer": "",
      "name": "NewSprite9",
      "persistentUuid": "3fe42007-b937-47e2-9f9c-06ce0db002bd",
      "width": 21,
      "x": 389,
      "y": 286,
      "zOrder": -9,
      "numberProperties": [],
      "stringProperties": [],
      "initialVariables": []
    },
    {
      "angle": 0,
      "customSize": true,
      "height": 31,
      "layer": "",
      "name": "NewSprite10",
      "persistentUuid": "de5b7132-1e25-47cb-93cf-c40ea7126776",
      "width": 21,
      "x": 305,
      "y": 335,
      "zOrder": -13,
      "numberProperties": [],
      "stringProperties": [],
      "initialVariables": []
    },
    {
      "angle": 0,
      "customSize": true,
      "height": 31,
      "layer": "",
      "name": "NewSprite11",
      "persistentUuid": "1e82cf92-4176-4075-b05d-741b5aca91aa",
      "width": 23,
      "x": 340,
      "y": 337,
      "zOrder": -12,
      "numberProperties": [],
      "stringProperties": [],
      "initialVariables": []
    },
    {
      "angle": 0,
      "customSize": true,
      "height": 26,
      "layer": "",
      "name": "NewSprite12",
      "persistentUuid": "c915745f-1318-49c5-a6df-1bca73c86eb3",
      "width": 71,
      "x": 224,
      "y": 369,
      "zOrder": -15,
      "numberProperties": [],
      "stringProperties": [],
      "initialVariables": []
    },
    {
      "angle": 0,
      "customSize": true,
      "height": 39,
      "layer": "",
      "name": "NewSprite13",
      "persistentUuid": "a4246e6c-8af0-413a-b20d-643b5927148d",
      "width": 32,
      "x": 185,
      "y": 433,
      "zOrder": -14,
      "numberProperties": [],
      "stringProperties": [],
      "initialVariables": []
    },
    {
      "angle": 0,
      "customSize": true,
      "height": 29,
      "layer": "",
      "name": "NewSprite14",
      "persistentUuid": "bf049f71-64ac-4987-aee3-04503dc549ca",
      "width": 29,
      "x": 337,
      "y": 452,
      "zOrder": -10,
      "numberProperties": [],
      "stringProperties": [],
      "initialVariables": []
    },
    {
      "angle": 0,
      "customSize": true,
      "height": 29,
      "layer": "",
      "name": "NewSprite15",
      "persistentUuid": "d48b216c-6c43-4957-8987-1e531478e259",
      "width": 27,
      "x": 391,
      "y": 401,
      "zOrder": -11,
      "numberProperties": [],
      "stringProperties": [],
      "initialVariables": []
    },
    {
      "angle": 0,
      "customSize": true,
      "height": 32,
      "layer": "",
      "name": "NewSprite1",
      "persistentUuid": "e4dad004-7208-4b46-9e4b-cd885884aa1a",
      "width": 32,
      "x": 163,
      "y": 140,
      "zOrder": -16,
      "numberProperties": [],
      "stringProperties": [],
      "initialVariables": []
    },
    {
      "angle": 0,
      "customSize": true,
      "height": 34,
      "layer": "",
      "name": "NewSprite2",
      "persistentUuid": "9f7cc602-4fbd-4482-939e-39ef3f90db25",
      "width": 34,
      "x": 207,
      "y": 124,
      "zOrder": -16,
      "numberProperties": [],
      "stringProperties": [],
      "initialVariables": []
    },
    {
      "angle": 0,
      "customSize": true,
      "height": 32,
      "layer": "",
      "name": "NewSprite3",
      "persistentUuid": "4d3876fd-ad12-4c39-b422-6a9c97fba6ca",
      "width": 29,
      "x": 176,
      "y": 202,
      "zOrder": -16,
      "numberProperties": [],
      "stringProperties": [],
      "initialVariables": []
    },
    {
      "angle": 0,
      "customSize": true,
      "height": 29,
      "layer": "",
      "name": "NewSprite4",
      "persistentUuid": "a1aab8d5-faa4-42f3-806e-2adde2a71e4a",
      "width": 27,
      "x": 241,
      "y": 199,
      "zOrder": -16,
      "numberProperties": [],
      "stringProperties": [],
      "initialVariables": []
    },
    {
      "angle": 0,
      "customSize": true,
      "height": 26,
      "layer": "",
      "name": "NewSprite5",
      "persistentUuid": "effd1403-3c52-42b0-9df4-a3f170255b8b",
      "width": 28,
      "x": 369,
      "y": 179,
      "zOrder": -16,
      "numberProperties": [],
      "stringProperties": [],
      "initialVariables": []
    },
    {
      "angle": 0,
      "customSize": true,
      "height": 18,
      "layer": "",
      "name": "NewSprite6",
      "persistentUuid": "592782eb-1d24-41db-b341-ad8ac08b5585",
      "width": 20,
      "x": 296,
      "y": 239,
      "zOrder": -18,
      "numberProperties": [],
      "stringProperties": [],
      "initialVariables": []
    },
    {
      "angle": 0,
      "customSize": true,
      "height": 29,
      "layer": "",
      "name": "NewSprite7",
      "persistentUuid": "eb305312-6ccc-4aad-9b1c-b58eb0663031",
      "width": 28,
      "x": 362,
      "y": 239,
      "zOrder": -16,
      "numberProperties": [],
      "stringProperties": [],
      "initialVariables": []
    },
    {
      "angle": 0,
      "customSize": true,
      "height": 33,
      "layer": "",
      "name": "NewSprite8",
      "persistentUuid": "feaf1574-1180-4f28-aad9-cc117afc0d4d",
      "width": 34,
      "x": 199,
      "y": 299,
      "zOrder": -16,
      "numberProperties": [],
      "stringProperties": [],
      "initialVariables": []
    },
    {
      "angle": 0,
      "customSize": true,
      "height": 21,
      "layer": "",
      "name": "NewSprite9",
      "persistentUuid": "064b9340-98c6-47ed-b43b-ed61c7476bde",
      "width": 21,
      "x": 383,
      "y": 292,
      "zOrder": -17,
      "numberProperties": [],
      "stringProperties": [],
      "initialVariables": []
    },
    {
      "angle": 0,
      "customSize": true,
      "height": 17,
      "layer": "",
      "name": "NewSprite10",
      "persistentUuid": "c81dd5e1-9996-4ce2-bb89-fee137c3eb46",
      "width": 18,
      "x": 307,
      "y": 342,
      "zOrder": -16,
      "numberProperties": [],
      "stringProperties": [],
      "initialVariables": []
    },
    {
      "angle": 0,
      "customSize": true,
      "height": 16,
      "layer": "",
      "name": "NewSprite11",
      "persistentUuid": "55d4468d-73b1-458e-99d7-9afbc662cd84",
      "width": 19,
      "x": 339,
      "y": 333,
      "zOrder": -16,
      "numberProperties": [],
      "stringProperties": [],
      "initialVariables": []
    },
    {
      "angle": 0,
      "customSize": true,
      "height": 18,
      "layer": "",
      "name": "NewSprite12",
      "persistentUuid": "a5342362-287b-491a-9318-6cc7e42b672d",
      "width": 94,
      "x": 211,
      "y": 370,
      "zOrder": -16,
      "numberProperties": [],
      "stringProperties": [],
      "initialVariables": []
    },
    {
      "angle": 0,
      "customSize": true,
      "height": 27,
      "layer": "",
      "name": "NewSprite13",
      "persistentUuid": "b90976bc-abdd-4724-ace0-1fb09d84f939",
      "width": 25,
      "x": 183,
      "y": 450,
      "zOrder": -16,
      "numberProperties": [],
      "stringProperties": [],
      "initialVariables": []
    },
    {
      "angle": 0,
      "customSize": true,
      "height": 27,
      "layer": "",
      "name": "NewSprite14",
      "persistentUuid": "7e8f5977-f2ac-4f32-a4b5-cb82707f756a",
      "width": 28,
      "x": 340,
      "y": 453,
      "zOrder": -16,
      "numberProperties": [],
      "stringProperties": [],
      "initialVariables": []
    },
    {
      "angle": 0,
      "customSize": true,
      "height": 19,
      "layer": "",
      "name": "NewSprite15",
      "persistentUuid": "4c5ac5e5-92db-4cd6-8f02-5aa9597a0aeb",
      "width": 21,
      "x": 387,
      "y": 403,
      "zOrder": -16,
      "numberProperties": [],
      "stringProperties": [],
      "initialVariables": []
    }
  ],
  "objects": [
    {
      "assetStoreId": "",
      "bottomMargin": 0,
      "height": 1,
      "leftMargin": 0,
      "name": "NewPanelSprite",
      "rightMargin": 0,
      "tags": "",
      "texture": "assets_focus\\Spot_the_difference.png",
      "tiled": false,
      "topMargin": 0,
      "type": "PanelSpriteObject::PanelSprite",
      "width": 1,
      "variables": [],
      "effects": [],
      "behaviors": []
    },
    {
      "assetStoreId": "d83498247c04f8ab98f07c182f71fd8f25cbcf7fd332b52414a29da3867d0959",
      "name": "PauseButton",
      "tags": "",
      "type": "Sprite",
      "updateIfNotVisible": false,
      "variables": [],
      "effects": [],
      "behaviors": [],
      "animations": [
        {
          "name": "",
          "useMultipleDirections": false,
          "directions": [
            {
              "looping": true,
              "timeBetweenFrames": 0.025,
              "sprites": [
                {
                  "hasCustomCollisionMask": false,
                  "image": "assets_focus\\Pause button.png",
                  "points": [],
                  "originPoint": {
                    "name": "origine",
                    "x": 0,
                    "y": 0
                  },
                  "centerPoint": {
                    "automatic": true,
                    "name": "centre",
                    "x": 0,
                    "y": 0
                  },
                  "customCollisionMask": []
                }
              ]
            }
          ]
        }
      ]
    },
    {
      "assetStoreId": "",
      "bold": false,
      "italic": false,
      "name": "time",
      "smoothed": true,
      "tags": "",
      "type": "TextObject::Text",
      "underlined": false,
      "variables": [],
      "effects": [],
      "behaviors": [],
      "string": "\n",
      "font": "",
      "textAlignment": "center",
      "characterSize": 40,
      "color": {
        "b": 255,
        "g": 255,
        "r": 255
      }
    },
    {
      "assetStoreId": "9feea21021fed32759f656148f5f19ee01de5dfbca1fc1f6beb47304d3de839e",
      "name": "CloseRoundButton",
      "tags": "",
      "type": "Sprite",
      "updateIfNotVisible": false,
      "variables": [],
      "effects": [],
      "behaviors": [],
      "animations": [
        {
          "name": "",
          "useMultipleDirections": false,
          "directions": [
            {
              "looping": true,
              "timeBetweenFrames": 0.025,
              "sprites": [
                {
                  "hasCustomCollisionMask": false,
                  "image": "assets_focus\\Close round button.png",
                  "points": [],
                  "originPoint": {
                    "name": "origine",
                    "x": 0,
                    "y": 0
                  },
                  "centerPoint": {
                    "automatic": true,
                    "name": "centre",
                    "x": 0,
                    "y": 0
                  },
                  "customCollisionMask": []
                }
              ]
            }
          ]
        }
      ]
    },
    {
      "assetStoreId": "9feea21021fed32759f656148f5f19ee01de5dfbca1fc1f6beb47304d3de839e",
      "name": "tst",
      "tags": "",
      "type": "Sprite",
      "updateIfNotVisible": false,
      "variables": [],
      "effects": [],
      "behaviors": [],
      "animations": [
        {
          "name": "",
          "useMultipleDirections": false,
          "directions": [
            {
              "looping": true,
              "timeBetweenFrames": 0.025,
              "sprites": [
                {
                  "hasCustomCollisionMask": false,
                  "image": "assets_focus\\Close round button.png",
                  "points": [],
                  "originPoint": {
                    "name": "origine",
                    "x": 0,
                    "y": 0
                  },
                  "centerPoint": {
                    "automatic": true,
                    "name": "centre",
                    "x": 0,
                    "y": 0
                  },
                  "customCollisionMask": []
                }
              ]
            }
          ]
        }
      ]
    },
    {
      "assetStoreId": "",
      "bold": false,
      "italic": false,
      "name": "Score",
      "smoothed": true,
      "tags": "",
      "type": "TextObject::Text",
      "underlined": false,
      "variables": [],
      "effects": [],
      "behaviors": [],
      "string": "",
      "font": "",
      "textAlignment": "center",
      "characterSize": 40,
      "color": {
        "b": 255,
        "g": 255,
        "r": 255
      }
    },
    {
      "assetStoreId": "",
      "bold": false,
      "italic": false,
      "name": "level",
      "smoothed": true,
      "tags": "",
      "type": "TextObject::Text",
      "underlined": false,
      "variables": [],
      "effects": [],
      "behaviors": [],
      "string": "Relax",
      "font": "",
      "textAlignment": "left",
      "characterSize": 40,
      "color": {
        "b": 255,
        "g": 255,
        "r": 255
      }
    },
    {
      "assetStoreId": "5b90222bca187d2a7703d7135fb1b47363c6ea1b9eeff7014888376a457212be",
      "name": "QuestionKey",
      "tags": "",
      "type": "Sprite",
      "updateIfNotVisible": false,
      "variables": [],
      "effects": [],
      "behaviors": [],
      "animations": [
        {
          "name": "",
          "useMultipleDirections": false,
          "directions": [
            {
              "looping": true,
              "timeBetweenFrames": 0.025,
              "sprites": [
                {
                  "hasCustomCollisionMask": false,
                  "image": "assets_focus\\Question Key.png",
                  "points": [],
                  "originPoint": {
                    "name": "origine",
                    "x": 0,
                    "y": 0
                  },
                  "centerPoint": {
                    "automatic": true,
                    "name": "centre",
                    "x": 0,
                    "y": 0
                  },
                  "customCollisionMask": []
                }
              ]
            }
          ]
        }
      ]
    },
    {
      "assetStoreId": "",
      "bottomMargin": 0,
      "height": 32,
      "leftMargin": 0,
      "name": "NewPanelSprite2",
      "rightMargin": 0,
      "tags": "",
      "texture": "assets_focus\\89374e2c-d3af-4504-bc80-4e41f6412488.jpg",
      "tiled": false,
      "topMargin": 0,
      "type": "PanelSpriteObject::PanelSprite",
      "width": 32,
      "variables": [],
      "effects": [],
      "behaviors": []
    },
    {
      "assetStoreId": "",
      "name": "NewShapePainter",
      "tags": "",
      "type": "PrimitiveDrawing::Drawer",
      "variables": [],
      "effects": [],
      "behaviors": [],
      "fillOpacity": 0,
      "outlineSize": 5,
      "outlineOpacity": 255,
      "fillColor": {
        "b": 255,
        "g": 255,
        "r": 255
      },
      "outlineColor": {
        "b": 0,
        "g": 0,
        "r": 255
      },
      "absoluteCoordinates": false,
      "clearBetweenFrames": false,
      "antialiasing": "high"
    },
    {
      "assetStoreId": "",
      "name": "NewSprite1",
      "tags": "",
      "type": "Sprite",
      "updateIfNotVisible": false,
      "variables": [],
      "effects": [],
      "behaviors": [],
      "animations": [
        {
          "name": "",
          "useMultipleDirections": false,
          "directions": [
            {
              "looping": false,
              "timeBetweenFrames": 0.08,
              "sprites": [
                {
                  "hasCustomCollisionMask": false,
                  "image": "assets_focus\\download2.png",
                  "points": [],
                  "originPoint": {
                    "name": "origine",
                    "x": 0,
                    "y": 0
                  },
                  "centerPoint": {
                    "automatic": true,
                    "name": "centre",
                    "x": 0,
                    "y": 0
                  },
                  "customCollisionMask": []
                }
              ]
            }
          ]
        }
      ]
    },
    {
      "assetStoreId": "",
      "name": "NewSprite2",
      "tags": "",
      "type": "Sprite",
      "updateIfNotVisible": false,
      "variables": [],
      "effects": [],
      "behaviors": [],
      "animations": [
        {
          "name": "",
          "useMultipleDirections": false,
          "directions": [
            {
              "looping": false,
              "timeBetweenFrames": 0.08,
              "sprites": [
                {
                  "hasCustomCollisionMask": false,
                  "image": "assets_focus\\download2.png",
                  "points": [],
                  "originPoint": {
                    "name": "origine",
                    "x": 0,
                    "y": 0
                  },
                  "centerPoint": {
                    "automatic": true,
                    "name": "centre",
                    "x": 0,
                    "y": 0
                  },
                  "customCollisionMask": []
                }
              ]
            }
          ]
        }
      ]
    },
    {
      "assetStoreId": "",
      "name": "NewSprite3",
      "tags": "",
      "type": "Sprite",
      "updateIfNotVisible": false,
      "variables": [],
      "effects": [],
      "behaviors": [],
      "animations": [
        {
          "name": "",
          "useMultipleDirections": false,
          "directions": [
            {
              "looping": false,
              "timeBetweenFrames": 0.08,
              "sprites": [
                {
                  "hasCustomCollisionMask": false,
                  "image": "assets_focus\\download2.png",
                  "points": [],
                  "originPoint": {
                    "name": "origine",
                    "x": 0,
                    "y": 0
                  },
                  "centerPoint": {
                    "automatic": true,
                    "name": "centre",
                    "x": 0,
                    "y": 0
                  },
                  "customCollisionMask": []
                }
              ]
            }
          ]
        }
      ]
    },
    {
      "assetStoreId": "",
      "name": "NewSprite4",
      "tags": "",
      "type": "Sprite",
      "updateIfNotVisible": false,
      "variables": [],
      "effects": [],
      "behaviors": [],
      "animations": [
        {
          "name": "",
          "useMultipleDirections": false,
          "directions": [
            {
              "looping": false,
              "timeBetweenFrames": 0.08,
              "sprites": [
                {
                  "hasCustomCollisionMask": false,
                  "image": "assets_focus\\download2.png",
                  "points": [],
                  "originPoint": {
                    "name": "origine",
                    "x": 0,
                    "y": 0
                  },
                  "centerPoint": {
                    "automatic": true,
                    "name": "centre",
                    "x": 0,
                    "y": 0
                  },
                  "customCollisionMask": []
                }
              ]
            }
          ]
        }
      ]
    },
    {
      "assetStoreId": "",
      "name": "NewSprite5",
      "tags": "",
      "type": "Sprite",
      "updateIfNotVisible": false,
      "variables": [],
      "effects": [],
      "behaviors": [],
      "animations": [
        {
          "name": "",
          "useMultipleDirections": false,
          "directions": [
            {
              "looping": false,
              "timeBetweenFrames": 0.08,
              "sprites": [
                {
                  "hasCustomCollisionMask": false,
                  "image": "assets_focus\\download2.png",
                  "points": [],
                  "originPoint": {
                    "name": "origine",
                    "x": 0,
                    "y": 0
                  },
                  "centerPoint": {
                    "automatic": true,
                    "name": "centre",
                    "x": 0,
                    "y": 0
                  },
                  "customCollisionMask": []
                }
              ]
            }
          ]
        }
      ]
    },
    {
      "assetStoreId": "",
      "name": "NewSprite6",
      "tags": "",
      "type": "Sprite",
      "updateIfNotVisible": false,
      "variables": [],
      "effects": [],
      "behaviors": [],
      "animations": [
        {
          "name": "",
          "useMultipleDirections": false,
          "directions": [
            {
              "looping": false,
              "timeBetweenFrames": 0.08,
              "sprites": [
                {
                  "hasCustomCollisionMask": false,
                  "image": "assets_focus\\download2.png",
                  "points": [],
                  "originPoint": {
                    "name": "origine",
                    "x": 0,
                    "y": 0
                  },
                  "centerPoint": {
                    "automatic": true,
                    "name": "centre",
                    "x": 0,
                    "y": 0
                  },
                  "customCollisionMask": []
                }
              ]
            }
          ]
        }
      ]
    },
    {
      "assetStoreId": "",
      "name": "NewSprite7",
      "tags": "",
      "type": "Sprite",
      "updateIfNotVisible": false,
      "variables": [],
      "effects": [],
      "behaviors": [],
      "animations": [
        {
          "name": "",
          "useMultipleDirections": false,
          "directions": [
            {
              "looping": false,
              "timeBetweenFrames": 0.08,
              "sprites": [
                {
                  "hasCustomCollisionMask": false,
                  "image": "assets_focus\\download2.png",
                  "points": [],
                  "originPoint": {
                    "name": "origine",
                    "x": 0,
                    "y": 0
                  },
                  "centerPoint": {
                    "automatic": true,
                    "name": "centre",
                    "x": 0,
                    "y": 0
                  },
                  "customCollisionMask": []
                }
              ]
            }
          ]
        }
      ]
    },
    {
      "assetStoreId": "",
      "name": "NewSprite8",
      "tags": "",
      "type": "Sprite",
      "updateIfNotVisible": false,
      "variables": [],
      "effects": [],
      "behaviors": [],
      "animations": [
        {
          "name": "",
          "useMultipleDirections": false,
          "directions": [
            {
              "looping": false,
              "timeBetweenFrames": 0.08,
              "sprites": [
                {
                  "hasCustomCollisionMask": false,
                  "image": "assets_focus\\download2.png",
                  "points": [],
                  "originPoint": {
                    "name": "origine",
                    "x": 0,
                    "y": 0
                  },
                  "centerPoint": {
                    "automatic": true,
                    "name": "centre",
                    "x": 0,
                    "y": 0
                  },
                  "customCollisionMask": []
                }
              ]
            }
          ]
        }
      ]
    },
    {
      "assetStoreId": "",
      "name": "NewSprite9",
      "tags": "",
      "type": "Sprite",
      "updateIfNotVisible": false,
      "variables": [],
      "effects": [],
      "behaviors": [],
      "animations": [
        {
          "name": "",
          "useMultipleDirections": false,
          "directions": [
            {
              "looping": false,
              "timeBetweenFrames": 0.08,
              "sprites": [
                {
                  "hasCustomCollisionMask": false,
                  "image": "assets_focus\\download2.png",
                  "points": [],
                  "originPoint": {
                    "name": "origine",
                    "x": 0,
                    "y": 0
                  },
                  "centerPoint": {
                    "automatic": true,
                    "name": "centre",
                    "x": 0,
                    "y": 0
                  },
                  "customCollisionMask": []
                }
              ]
            }
          ]
        }
      ]
    },
    {
      "assetStoreId": "",
      "name": "NewSprite10",
      "tags": "",
      "type": "Sprite",
      "updateIfNotVisible": false,
      "variables": [],
      "effects": [],
      "behaviors": [],
      "animations": [
        {
          "name": "",
          "useMultipleDirections": false,
          "directions": [
            {
              "looping": false,
              "timeBetweenFrames": 0.08,
              "sprites": [
                {
                  "hasCustomCollisionMask": false,
                  "image": "assets_focus\\download2.png",
                  "points": [],
                  "originPoint": {
                    "name": "origine",
                    "x": 0,
                    "y": 0
                  },
                  "centerPoint": {
                    "automatic": true,
                    "name": "centre",
                    "x": 0,
                    "y": 0
                  },
                  "customCollisionMask": []
                }
              ]
            }
          ]
        }
      ]
    },
    {
      "assetStoreId": "",
      "name": "NewSprite11",
      "tags": "",
      "type": "Sprite",
      "updateIfNotVisible": false,
      "variables": [],
      "effects": [],
      "behaviors": [],
      "animations": [
        {
          "name": "",
          "useMultipleDirections": false,
          "directions": [
            {
              "looping": false,
              "timeBetweenFrames": 0.08,
              "sprites": [
                {
                  "hasCustomCollisionMask": false,
                  "image": "assets_focus\\download2.png",
                  "points": [],
                  "originPoint": {
                    "name": "origine",
                    "x": 0,
                    "y": 0
                  },
                  "centerPoint": {
                    "automatic": true,
                    "name": "centre",
                    "x": 0,
                    "y": 0
                  },
                  "customCollisionMask": []
                }
              ]
            }
          ]
        }
      ]
    },
    {
      "assetStoreId": "",
      "name": "NewSprite12",
      "tags": "",
      "type": "Sprite",
      "updateIfNotVisible": false,
      "variables": [],
      "effects": [],
      "behaviors": [],
      "animations": [
        {
          "name": "",
          "useMultipleDirections": false,
          "directions": [
            {
              "looping": false,
              "timeBetweenFrames": 0.08,
              "sprites": [
                {
                  "hasCustomCollisionMask": false,
                  "image": "assets_focus\\download2.png",
                  "points": [],
                  "originPoint": {
                    "name": "origine",
                    "x": 0,
                    "y": 0
                  },
                  "centerPoint": {
                    "automatic": true,
                    "name": "centre",
                    "x": 0,
                    "y": 0
                  },
                  "customCollisionMask": []
                }
              ]
            }
          ]
        }
      ]
    },
    {
      "assetStoreId": "",
      "name": "NewSprite13",
      "tags": "",
      "type": "Sprite",
      "updateIfNotVisible": false,
      "variables": [],
      "effects": [],
      "behaviors": [],
      "animations": [
        {
          "name": "",
          "useMultipleDirections": false,
          "directions": [
            {
              "looping": false,
              "timeBetweenFrames": 0.08,
              "sprites": [
                {
                  "hasCustomCollisionMask": false,
                  "image": "assets_focus\\download2.png",
                  "points": [],
                  "originPoint": {
                    "name": "origine",
                    "x": 0,
                    "y": 0
                  },
                  "centerPoint": {
                    "automatic": true,
                    "name": "centre",
                    "x": 0,
                    "y": 0
                  },
                  "customCollisionMask": []
                }
              ]
            }
          ]
        }
      ]
    },
    {
      "assetStoreId": "",
      "name": "NewSprite14",
      "tags": "",
      "type": "Sprite",
      "updateIfNotVisible": false,
      "variables": [],
      "effects": [],
      "behaviors": [],
      "animations": [
        {
          "name": "",
          "useMultipleDirections": false,
          "directions": [
            {
              "looping": false,
              "timeBetweenFrames": 0.08,
              "sprites": [
                {
                  "hasCustomCollisionMask": false,
                  "image": "assets_focus\\download2.png",
                  "points": [],
                  "originPoint": {
                    "name": "origine",
                    "x": 0,
                    "y": 0
                  },
                  "centerPoint": {
                    "automatic": true,
                    "name": "centre",
                    "x": 0,
                    "y": 0
                  },
                  "customCollisionMask": []
                }
              ]
            }
          ]
        }
      ]
    },
    {
      "assetStoreId": "",
      "name": "NewSprite15",
      "tags": "",
      "type": "Sprite",
      "updateIfNotVisible": false,
      "variables": [],
      "effects": [],
      "behaviors": [],
      "animations": [
        {
          "name": "",
          "useMultipleDirections": false,
          "directions": [
            {
              "looping": false,
              "timeBetweenFrames": 0.08,
              "sprites": [
                {
                  "hasCustomCollisionMask": false,
                  "image": "assets_focus\\download2.png",
                  "points": [],
                  "originPoint": {
                    "name": "origine",
                    "x": 0,
                    "y": 0
                  },
                  "centerPoint": {
                    "automatic": true,
                    "name": "centre",
                    "x": 0,
                    "y": 0
                  },
                  "customCollisionMask": []
                }
              ]
            }
          ]
        }
      ]
    },
    {
      "assetStoreId": "e4f6d5a32e2554b7f38d3677e0ac722dcd2701fde470a9225f0e5ab075651d73",
      "name": "Message",
      "tags": "",
      "type": "Sprite",
      "updateIfNotVisible": false,
      "variables": [],
      "effects": [],
      "behaviors": [],
      "animations": [
        {
          "name": "",
          "useMultipleDirections": false,
          "directions": [
            {
              "looping": true,
              "timeBetweenFrames": 0.025,
              "sprites": [
                {
                  "hasCustomCollisionMask": false,
                  "image": "assets_focus\\Message.png",
                  "points": [],
                  "originPoint": {
                    "name": "origine",
                    "x": 0,
                    "y": 0
                  },
                  "centerPoint": {
                    "automatic": true,
                    "name": "centre",
                    "x": 0,
                    "y": 0
                  },
                  "customCollisionMask": []
                }
              ]
            }
          ]
        }
      ]
    },
    {
      "assetStoreId": "",
      "bold": false,
      "italic": false,
      "name": "NewText",
      "smoothed": true,
      "tags": "",
      "type": "TextObject::Text",
      "underlined": false,
      "variables": [],
      "effects": [],
      "behaviors": [],
      "string": "Click the different on the left side picture",
      "font": "",
      "textAlignment": "left",
      "characterSize": 20,
      "color": {
        "b": 0,
        "g": 0,
        "r": 0
      }
    }
  ],
  "events": [
    {
      "type": "BuiltinCommonInstructions::Standard",
      "conditions": [
        {
          "type": {
            "value": "DepartScene"
          },
          "parameters": [
            ""
          ]
        }
      ],
      "actions": [
        {
          "type": {
            "value": "ResetTimer"
          },
          "parameters": [
            "",
            "\"CountDown\""
          ]
        }
      ]
    },
    {
      "type": "BuiltinCommonInstructions::Standard",
      "conditions": [],
      "actions": [
        {
          "type": {
            "value": "TextObject::String"
          },
          "parameters": [
            "time",
            "=",
            "\"Time: \" + ToString(round(abs(TimerElapsedTime(\"CountDown\"))))"
          ]
        }
      ]
    },
    {
      "folded": true,
      "type": "BuiltinCommonInstructions::Standard",
      "conditions": [],
      "actions": [
        {
          "type": {
            "value": "TextObject::String"
          },
          "parameters": [
            "Score",
            "=",
            "\"Score:\" + GlobalVariableString(Score)"
          ]
        }
      ]
    },
    {
      "type": "BuiltinCommonInstructions::Standard",
      "conditions": [
        {
          "type": {
            "value": "VarGlobal"
          },
          "parameters": [
            "Score",
            "=",
            "1500"
          ]
        }
      ],
      "actions": [
        {
          "type": {
            "value": "Scene"
          },
          "parameters": [
            "",
            "\"Good Job 3\"",
            ""
          ]
        }
      ]
    },
    {
      "type": "BuiltinCommonInstructions::Standard",
      "conditions": [
        {
          "type": {
            "value": "SourisSurObjet"
          },
          "parameters": [
            "CloseRoundButton",
            "",
            "",
            ""
          ]
        },
        {
          "type": {
            "value": "MouseButtonReleased"
          },
          "parameters": [
            "",
            "Left"
          ]
        }
      ],
      "actions": [
        {
          "type": {
            "value": "Scene"
          },
          "parameters": [
            "",
            "\"Challenge&Relax\"",
            ""
          ]
        }
      ]
    },
    {
      "type": "BuiltinCommonInstructions::Standard",
      "conditions": [
        {
          "type": {
            "value": "SourisSurObjet"
          },
          "parameters": [
            "PauseButton",
            "",
            "",
            ""
          ]
        },
        {
          "type": {
            "value": "MouseButtonReleased"
          },
          "parameters": [
            "",
            "Left"
          ]
        }
      ],
      "actions": [
        {
          "type": {
            "value": "ToggleSceneVariableAsBoolean"
          },
          "parameters": [
            "pause"
          ]
        }
      ]
    },
    {
      "type": "BuiltinCommonInstructions::Standard",
      "conditions": [
        {
          "type": {
            "value": "SceneVariableAsBoolean"
          },
          "parameters": [
            "pause",
            "True"
          ]
        }
      ],
      "actions": [
        {
          "type": {
            "value": "ChangeTimeScale"
          },
          "parameters": [
            "",
            "0"
          ]
        }
      ]
    },
    {
      "type": "BuiltinCommonInstructions::Standard",
      "conditions": [
        {
          "type": {
            "value": "SceneVariableAsBoolean"
          },
          "parameters": [
            "pause",
            ""
          ]
        }
      ],
      "actions": [
        {
          "type": {
            "value": "ChangeTimeScale"
          },
          "parameters": [
            "",
            "1"
          ]
        }
      ]
    },
    {
      "type": "BuiltinCommonInstructions::Standard",
      "conditions": [],
      "actions": [
        {
          "type": {
            "value": "Cache"
          },
          "parameters": [
            "Message"
          ]
        },
        {
          "type": {
            "value": "Cache"
          },
          "parameters": [
            "NewText"
          ]
        }
      ]
    },
    {
      "type": "BuiltinCommonInstructions::Standard",
      "conditions": [
        {
          "type": {
            "value": "SourisSurObjet"
          },
          "parameters": [
            "QuestionKey",
            "",
            "",
            ""
          ]
        }
      ],
      "actions": [
        {
          "type": {
            "value": "Montre"
          },
          "parameters": [
            "Message",
            ""
          ]
        },
        {
          "type": {
            "value": "Montre"
          },
          "parameters": [
            "NewText",
            ""
          ]
        }
      ]
    },
    {
      "type": "BuiltinCommonInstructions::Standard",
      "conditions": [
        {
          "type": {
            "value": "SourisSurObjet"
          },
          "parameters": [
            "NewSprite1",
            "",
            "",
            ""
          ]
        },
        {
          "type": {
            "value": "MouseButtonReleased"
          },
          "parameters": [
            "",
            "Left"
          ]
        }
      ],
      "actions": [
        {
          "type": {
            "value": "Cache"
          },
          "parameters": [
            "NewShapePainter"
          ]
        },
        {
          "type": {
            "value": "PrimitiveDrawing::Circle"
          },
          "parameters": [
            "NewShapePainter",
            "50",
            "50",
            "20"
          ]
        },
        {
          "type": {
            "value": "Montre"
          },
          "parameters": [
            "NewShapePainter",
            ""
          ]
        },
        {
          "type": {
            "value": "ModVarGlobal"
          },
          "parameters": [
            "Score",
            "+",
            "100"
          ]
        }
      ]
    },
    {
      "type": "BuiltinCommonInstructions::Standard",
      "conditions": [
        {
          "type": {
            "value": "SourisSurObjet"
          },
          "parameters": [
            "NewSprite2",
            "",
            "",
            ""
          ]
        },
        {
          "type": {
            "value": "MouseButtonReleased"
          },
          "parameters": [
            "",
            "Left"
          ]
        }
      ],
      "actions": [
        {
          "type": {
            "value": "Cache"
          },
          "parameters": [
            "NewShapePainter"
          ]
        },
        {
          "type": {
            "value": "PrimitiveDrawing::Circle"
          },
          "parameters": [
            "NewShapePainter",
            "90",
            "30",
            "20"
          ]
        },
        {
          "type": {
            "value": "Montre"
          },
          "parameters": [
            "NewShapePainter",
            ""
          ]
        },
        {
          "type": {
            "value": "ModVarGlobal"
          },
          "parameters": [
            "Score",
            "+",
            "100"
          ]
        }
      ]
    },
    {
      "type": "BuiltinCommonInstructions::Standard",
      "conditions": [
        {
          "type": {
            "value": "SourisSurObjet"
          },
          "parameters": [
            "NewSprite3",
            "",
            "",
            ""
          ]
        },
        {
          "type": {
            "value": "MouseButtonReleased"
          },
          "parameters": [
            "",
            "Left"
          ]
        }
      ],
      "actions": [
        {
          "type": {
            "value": "Cache"
          },
          "parameters": [
            "NewShapePainter"
          ]
        },
        {
          "type": {
            "value": "PrimitiveDrawing::Circle"
          },
          "parameters": [
            "NewShapePainter",
            "50",
            "110",
            "20"
          ]
        },
        {
          "type": {
            "value": "Montre"
          },
          "parameters": [
            "NewShapePainter",
            ""
          ]
        },
        {
          "type": {
            "value": "ModVarGlobal"
          },
          "parameters": [
            "Score",
            "+",
            "100"
          ]
        }
      ]
    },
    {
      "type": "BuiltinCommonInstructions::Standard",
      "conditions": [
        {
          "type": {
            "value": "SourisSurObjet"
          },
          "parameters": [
            "NewSprite4",
            "",
            "",
            ""
          ]
        },
        {
          "type": {
            "value": "MouseButtonReleased"
          },
          "parameters": [
            "",
            "Left"
          ]
        }
      ],
      "actions": [
        {
          "type": {
            "value": "Cache"
          },
          "parameters": [
            "NewShapePainter"
          ]
        },
        {
          "type": {
            "value": "PrimitiveDrawing::Circle"
          },
          "parameters": [
            "NewShapePainter",
            "120",
            "100",
            "20"
          ]
        },
        {
          "type": {
            "value": "Montre"
          },
          "parameters": [
            "NewShapePainter",
            ""
          ]
        },
        {
          "type": {
            "value": "ModVarGlobal"
          },
          "parameters": [
            "Score",
            "+",
            "100"
          ]
        }
      ]
    },
    {
      "type": "BuiltinCommonInstructions::Standard",
      "conditions": [
        {
          "type": {
            "value": "SourisSurObjet"
          },
          "parameters": [
            "NewSprite5",
            "",
            "",
            ""
          ]
        },
        {
          "type": {
            "value": "MouseButtonReleased"
          },
          "parameters": [
            "",
            "Left"
          ]
        }
      ],
      "actions": [
        {
          "type": {
            "value": "Cache"
          },
          "parameters": [
            "NewShapePainter"
          ]
        },
        {
          "type": {
            "value": "PrimitiveDrawing::Circle"
          },
          "parameters": [
            "NewShapePainter",
            "250",
            "80",
            "20"
          ]
        },
        {
          "type": {
            "value": "Montre"
          },
          "parameters": [
            "NewShapePainter",
            ""
          ]
        },
        {
          "type": {
            "value": "ModVarGlobal"
          },
          "parameters": [
            "Score",
            "+",
            "100"
          ]
        }
      ]
    },
    {
      "type": "BuiltinCommonInstructions::Standard",
      "conditions": [
        {
          "type": {
            "value": "SourisSurObjet"
          },
          "parameters": [
            "NewSprite6",
            "",
            "",
            ""
          ]
        },
        {
          "type": {
            "value": "MouseButtonReleased"
          },
          "parameters": [
            "",
            "Left"
          ]
        }
      ],
      "actions": [
        {
          "type": {
            "value": "Cache"
          },
          "parameters": [
            "NewShapePainter"
          ]
        },
        {
          "type": {
            "value": "PrimitiveDrawing::Circle"
          },
          "parameters": [
            "NewShapePainter",
            "180",
            "140",
            "10"
          ]
        },
        {
          "type": {
            "value": "Montre"
          },
          "parameters": [
            "NewShapePainter",
            ""
          ]
        },
        {
          "type": {
            "value": "ModVarGlobal"
          },
          "parameters": [
            "Score",
            "+",
            "100"
          ]
        }
      ]
    },
    {
      "type": "BuiltinCommonInstructions::Standard",
      "conditions": [
        {
          "type": {
            "value": "SourisSurObjet"
          },
          "parameters": [
            "NewSprite7",
            "",
            "",
            ""
          ]
        },
        {
          "type": {
            "value": "MouseButtonReleased"
          },
          "parameters": [
            "",
            "Left"
          ]
        }
      ],
      "actions": [
        {
          "type": {
            "value": "Cache"
          },
          "parameters": [
            "NewShapePainter"
          ]
        },
        {
          "type": {
            "value": "PrimitiveDrawing::Circle"
          },
          "parameters": [
            "NewShapePainter",
            "240",
            "150",
            "20"
          ]
        },
        {
          "type": {
            "value": "Montre"
          },
          "parameters": [
            "NewShapePainter",
            ""
          ]
        },
        {
          "type": {
            "value": "ModVarGlobal"
          },
          "parameters": [
            "Score",
            "+",
            "100"
          ]
        }
      ]
    },
    {
      "type": "BuiltinCommonInstructions::Standard",
      "conditions": [
        {
          "type": {
            "value": "SourisSurObjet"
          },
          "parameters": [
            "NewSprite8",
            "",
            "",
            ""
          ]
        },
        {
          "type": {
            "value": "MouseButtonReleased"
          },
          "parameters": [
            "",
            "Left"
          ]
        }
      ],
      "actions": [
        {
          "type": {
            "value": "Cache"
          },
          "parameters": [
            "NewShapePainter"
          ]
        },
        {
          "type": {
            "value": "PrimitiveDrawing::Circle"
          },
          "parameters": [
            "NewShapePainter",
            "80",
            "210",
            "20"
          ]
        },
        {
          "type": {
            "value": "Montre"
          },
          "parameters": [
            "NewShapePainter",
            ""
          ]
        },
        {
          "type": {
            "value": "ModVarGlobal"
          },
          "parameters": [
            "Score",
            "+",
            "100"
          ]
        }
      ]
    },
    {
      "type": "BuiltinCommonInstructions::Standard",
      "conditions": [
        {
          "type": {
            "value": "SourisSurObjet"
          },
          "parameters": [
            "NewSprite9",
            "",
            "",
            ""
          ]
        },
        {
          "type": {
            "value": "MouseButtonReleased"
          },
          "parameters": [
            "",
            "Left"
          ]
        }
      ],
      "actions": [
        {
          "type": {
            "value": "Cache"
          },
          "parameters": [
            "NewShapePainter"
          ]
        },
        {
          "type": {
            "value": "PrimitiveDrawing::Circle"
          },
          "parameters": [
            "NewShapePainter",
            "260",
            "190",
            "20"
          ]
        },
        {
          "type": {
            "value": "Montre"
          },
          "parameters": [
            "NewShapePainter",
            ""
          ]
        },
        {
          "type": {
            "value": "ModVarGlobal"
          },
          "parameters": [
            "Score",
            "+",
            "100"
          ]
        }
      ]
    },
    {
      "type": "BuiltinCommonInstructions::Standard",
      "conditions": [
        {
          "type": {
            "value": "SourisSurObjet"
          },
          "parameters": [
            "NewSprite10",
            "",
            "",
            ""
          ]
        },
        {
          "type": {
            "value": "MouseButtonReleased"
          },
          "parameters": [
            "",
            "Left"
          ]
        }
      ],
      "actions": [
        {
          "type": {
            "value": "Cache"
          },
          "parameters": [
            "NewShapePainter"
          ]
        },
        {
          "type": {
            "value": "PrimitiveDrawing::Circle"
          },
          "parameters": [
            "NewShapePainter",
            "180",
            "240",
            "15"
          ]
        },
        {
          "type": {
            "value": "Montre"
          },
          "parameters": [
            "NewShapePainter",
            ""
          ]
        },
        {
          "type": {
            "value": "ModVarGlobal"
          },
          "parameters": [
            "Score",
            "+",
            "100"
          ]
        }
      ]
    },
    {
      "type": "BuiltinCommonInstructions::Standard",
      "conditions": [
        {
          "type": {
            "value": "SourisSurObjet"
          },
          "parameters": [
            "NewSprite11",
            "",
            "",
            ""
          ]
        },
        {
          "type": {
            "value": "MouseButtonReleased"
          },
          "parameters": [
            "",
            "Left"
          ]
        }
      ],
      "actions": [
        {
          "type": {
            "value": "Cache"
          },
          "parameters": [
            "NewShapePainter"
          ]
        },
        {
          "type": {
            "value": "PrimitiveDrawing::Circle"
          },
          "parameters": [
            "NewShapePainter",
            "220",
            "230",
            "15"
          ]
        },
        {
          "type": {
            "value": "Montre"
          },
          "parameters": [
            "NewShapePainter",
            ""
          ]
        },
        {
          "type": {
            "value": "ModVarGlobal"
          },
          "parameters": [
            "Score",
            "+",
            "100"
          ]
        }
      ]
    },
    {
      "type": "BuiltinCommonInstructions::Standard",
      "conditions": [
        {
          "type": {
            "value": "SourisSurObjet"
          },
          "parameters": [
            "NewSprite12",
            "",
            "",
            ""
          ]
        },
        {
          "type": {
            "value": "MouseButtonReleased"
          },
          "parameters": [
            "",
            "Left"
          ]
        }
      ],
      "actions": [
        {
          "type": {
            "value": "Cache"
          },
          "parameters": [
            "NewShapePainter"
          ]
        },
        {
          "type": {
            "value": "PrimitiveDrawing::Ellipse"
          },
          "parameters": [
            "NewShapePainter",
            "130",
            "265",
            "100",
            "30"
          ]
        },
        {
          "type": {
            "value": "Montre"
          },
          "parameters": [
            "NewShapePainter",
            ""
          ]
        },
        {
          "type": {
            "value": "ModVarGlobal"
          },
          "parameters": [
            "Score",
            "+",
            "100"
          ]
        }
      ]
    },
    {
      "type": "BuiltinCommonInstructions::Standard",
      "conditions": [
        {
          "type": {
            "value": "SourisSurObjet"
          },
          "parameters": [
            "NewSprite13",
            "",
            "",
            ""
          ]
        },
        {
          "type": {
            "value": "MouseButtonReleased"
          },
          "parameters": [
            "",
            "Left"
          ]
        }
      ],
      "actions": [
        {
          "type": {
            "value": "Cache"
          },
          "parameters": [
            "NewShapePainter"
          ]
        },
        {
          "type": {
            "value": "PrimitiveDrawing::Circle"
          },
          "parameters": [
            "NewShapePainter",
            "60",
            "350",
            "20"
          ]
        },
        {
          "type": {
            "value": "Montre"
          },
          "parameters": [
            "NewShapePainter",
            ""
          ]
        },
        {
          "type": {
            "value": "ModVarGlobal"
          },
          "parameters": [
            "Score",
            "+",
            "100"
          ]
        }
      ]
    },
    {
      "type": "BuiltinCommonInstructions::Standard",
      "conditions": [
        {
          "type": {
            "value": "SourisSurObjet"
          },
          "parameters": [
            "NewSprite14",
            "",
            "",
            ""
          ]
        },
        {
          "type": {
            "value": "MouseButtonReleased"
          },
          "parameters": [
            "",
            "Left"
          ]
        }
      ],
      "actions": [
        {
          "type": {
            "value": "Cache"
          },
          "parameters": [
            "NewShapePainter"
          ]
        },
        {
          "type": {
            "value": "PrimitiveDrawing::Circle"
          },
          "parameters": [
            "NewShapePainter",
            "220",
            "360",
            "20"
          ]
        },
        {
          "type": {
            "value": "Montre"
          },
          "parameters": [
            "NewShapePainter",
            ""
          ]
        },
        {
          "type": {
            "value": "ModVarGlobal"
          },
          "parameters": [
            "Score",
            "+",
            "100"
          ]
        }
      ]
    },
    {
      "type": "BuiltinCommonInstructions::Standard",
      "conditions": [
        {
          "type": {
            "value": "SourisSurObjet"
          },
          "parameters": [
            "NewSprite15",
            "",
            "",
            ""
          ]
        },
        {
          "type": {
            "value": "MouseButtonReleased"
          },
          "parameters": [
            "",
            "Left"
          ]
        }
      ],
      "actions": [
        {
          "type": {
            "value": "Cache"
          },
          "parameters": [
            "NewShapePainter"
          ]
        },
        {
          "type": {
            "value": "PrimitiveDrawing::Circle"
          },
          "parameters": [
            "NewShapePainter",
            "260",
            "300",
            "20"
          ]
        },
        {
          "type": {
            "value": "Montre"
          },
          "parameters": [
            "NewShapePainter",
            ""
          ]
        },
        {
          "type": {
            "value": "ModVarGlobal"
          },
          "parameters": [
            "Score",
            "+",
            "100"
          ]
        }
      ]
    }
  ],
  "layers": [
    {
      "ambientLightColorB": 200,
      "ambientLightColorG": 200,
      "ambientLightColorR": 200,
      "camera3DFarPlaneDistance": 10000,
      "camera3DFieldOfView": 45,
      "camera3DNearPlaneDistance": 0.1,
      "followBaseLayerCamera": false,
      "isLightingLayer": false,
      "isLocked": false,
      "name": "",
      "renderingType": "",
      "visibility": true,
      "cameras": [
        {
          "defaultSize": true,
          "defaultViewport": true,
          "height": 0,
          "viewportBottom": 1,
          "viewportLeft": 0,
          "viewportRight": 1,
          "viewportTop": 0,
          "width": 0
        }
      ],
      "effects": []
    }
  ],
  "behaviorsSharedData": []
}