{
  "b": 209,
  "disableInputWhenNotFocused": true,
  "mangledName": "Game_322",
  "name": "Game 2",
  "r": 209,
  "standardSortMethod": true,
  "stopSoundsOnStartup": true,
  "title": "",
  "v": 209,
  "uiSettings": {
    "grid": false,
    "gridType": "rectangular",
    "gridWidth": 32,
    "gridHeight": 32,
    "gridOffsetX": 0,
    "gridOffsetY": 0,
    "gridColor": 10401023,
    "gridAlpha": 0.8,
    "snap": false,
    "zoomFactor": 0.6406912462476483,
    "windowMask": false
  },
  "objectsGroups": [],
  "variables": [],
  "instances": [
    {
      "angle": 0,
      "customSize": true,
      "height": 410,
      "layer": "",
      "name": "NewPanelSprite",
      "persistentUuid": "ce2e43a8-c2b7-42a5-bf98-bd1f6ca873f1",
      "width": 241,
      "x": 282,
      "y": 71,
      "zOrder": 2,
      "numberProperties": [],
      "stringProperties": [],
      "initialVariables": []
    },
    {
      "angle": 0,
      "customSize": true,
      "height": 54,
      "layer": "",
      "name": "PauseButton",
      "persistentUuid": "17090824-893c-4b5f-ac86-50fcbfa3f370",
      "width": 55,
      "x": 28,
      "y": 517,
      "zOrder": 3,
      "numberProperties": [],
      "stringProperties": [],
      "initialVariables": []
    },
    {
      "angle": 0,
      "customSize": true,
      "height": 54,
      "layer": "",
      "name": "time",
      "persistentUuid": "ba8b5102-6986-46ef-a5b2-43c2fbfc358a",
      "width": 134,
      "x": 335,
      "y": 517,
      "zOrder": 4,
      "numberProperties": [],
      "stringProperties": [],
      "initialVariables": []
    },
    {
      "angle": 0,
      "customSize": true,
      "height": 54,
      "layer": "",
      "name": "Score",
      "persistentUuid": "781cf536-2726-44ce-8a13-2c4780b65c19",
      "width": 134,
      "x": 335,
      "y": 18,
      "zOrder": 5,
      "numberProperties": [],
      "stringProperties": [],
      "initialVariables": []
    },
    {
      "angle": 0,
      "customSize": true,
      "height": 54,
      "layer": "",
      "name": "CloseRoundButton",
      "persistentUuid": "92e9e99c-2437-4643-a461-b40b062db05d",
      "width": 48,
      "x": 728,
      "y": 12,
      "zOrder": 6,
      "numberProperties": [],
      "stringProperties": [],
      "initialVariables": []
    },
    {
      "angle": 0,
      "customSize": true,
      "height": 54,
      "layer": "",
      "name": "level",
      "persistentUuid": "9103c732-79f0-4c8a-a3a2-2e64c624ff50",
      "width": 134,
      "x": 28,
      "y": 18,
      "zOrder": 7,
      "numberProperties": [],
      "stringProperties": [],
      "initialVariables": []
    },
    {
      "angle": 0,
      "customSize": true,
      "height": 71,
      "layer": "",
      "name": "QuestionKey",
      "persistentUuid": "3df8a3de-60d9-4831-808a-83a0cf26a9f2",
      "width": 61,
      "x": 661,
      "y": 4,
      "zOrder": 8,
      "numberProperties": [],
      "stringProperties": [],
      "initialVariables": []
    },
    {
      "angle": 0,
      "customSize": true,
      "height": 603,
      "layer": "",
      "name": "NewPanelSprite2",
      "persistentUuid": "1a6cbe9e-7784-46f7-962a-ceb7c7253fe8",
      "width": 801,
      "x": 2,
      "y": 0,
      "zOrder": -5,
      "numberProperties": [],
      "stringProperties": [],
      "initialVariables": []
    },
    {
      "angle": 0,
      "customSize": true,
      "height": 27,
      "layer": "",
      "name": "NewSprite",
      "persistentUuid": "f782b077-5c93-40cc-8d52-21e62fa696bf",
      "width": 21,
      "x": 453,
      "y": 82,
      "zOrder": 0,
      "numberProperties": [],
      "stringProperties": [],
      "initialVariables": []
    },
    {
      "angle": 0,
      "customSize": true,
      "height": 214,
      "layer": "",
      "name": "Circle1",
      "persistentUuid": "39d59954-a7fd-4579-8b09-1dd3d5659d44",
      "width": 241,
      "x": 282,
      "y": 71,
      "zOrder": 10,
      "numberProperties": [],
      "stringProperties": [],
      "initialVariables": []
    },
    {
      "angle": 0,
      "customSize": true,
      "height": 29,
      "layer": "",
      "name": "NewSprite2",
      "persistentUuid": "609196eb-81be-401c-83b3-df9b1716429c",
      "width": 21,
      "x": 312,
      "y": 121,
      "zOrder": -4,
      "numberProperties": [],
      "stringProperties": [],
      "initialVariables": []
    },
    {
      "angle": 0,
      "customSize": true,
      "height": 25,
      "layer": "",
      "name": "NewSprite22",
      "persistentUuid": "b1b6b507-068a-4ada-ae85-4e9f5134b908",
      "width": 20,
      "x": 317,
      "y": 177,
      "zOrder": -3,
      "numberProperties": [],
      "stringProperties": [],
      "initialVariables": []
    },
    {
      "angle": 0,
      "customSize": true,
      "height": 31,
      "layer": "",
      "name": "NewSprite2221",
      "persistentUuid": "02d8be13-7b6c-4574-b208-c7c29a1bd18e",
      "width": 21,
      "x": 315,
      "y": 222,
      "zOrder": -2,
      "numberProperties": [],
      "stringProperties": [],
      "initialVariables": []
    },
    {
      "angle": 0,
      "customSize": true,
      "height": 27,
      "layer": "",
      "name": "NewSprite2222",
      "persistentUuid": "4e8b2610-392a-419d-9dff-f93f542f5a0d",
      "width": 20,
      "x": 459,
      "y": 205,
      "zOrder": -1,
      "numberProperties": [],
      "stringProperties": [],
      "initialVariables": []
    },
    {
      "angle": 180,
      "customSize": true,
      "height": 260,
      "layer": "",
      "name": "Message",
      "persistentUuid": "f5e76ad7-eb13-46ec-993e-9e0d26f713ce",
      "width": 157,
      "x": 545,
      "y": 63,
      "zOrder": 11,
      "numberProperties": [],
      "stringProperties": [],
      "initialVariables": []
    },
    {
      "angle": 0,
      "customSize": true,
      "height": 148,
      "layer": "",
      "name": "NewText",
      "persistentUuid": "cdf7ecb9-749f-4318-98d5-9a1f5d22fca4",
      "width": 106,
      "x": 571,
      "y": 149,
      "zOrder": 12,
      "numberProperties": [],
      "stringProperties": [],
      "initialVariables": []
    },
    {
      "angle": 0,
      "customSize": true,
      "height": 28,
      "layer": "",
      "name": "NewSprite",
      "persistentUuid": "22009d62-2c98-4d38-8799-7431835d4208",
      "width": 28,
      "x": 447,
      "y": 85,
      "zOrder": -6,
      "numberProperties": [],
      "stringProperties": [],
      "initialVariables": []
    },
    {
      "angle": 0,
      "customSize": true,
      "height": 27,
      "layer": "",
      "name": "NewSprite2",
      "persistentUuid": "73a46025-09d5-40cf-94db-c217b64de9a4",
      "width": 28,
      "x": 306,
      "y": 123,
      "zOrder": -6,
      "numberProperties": [],
      "stringProperties": [],
      "initialVariables": []
    },
    {
      "angle": 0,
      "customSize": true,
      "height": 35,
      "layer": "",
      "name": "NewSprite22",
      "persistentUuid": "3ba905fa-ebd1-4eeb-a400-df7bb4ea27db",
      "width": 29,
      "x": 325,
      "y": 168,
      "zOrder": -6,
      "numberProperties": [],
      "stringProperties": [],
      "initialVariables": []
    },
    {
      "angle": 0,
      "customSize": true,
      "height": 21,
      "layer": "",
      "name": "NewSprite2221",
      "persistentUuid": "e0f89868-a90f-4055-b177-7e04d8e68914",
      "width": 22,
      "x": 316,
      "y": 224,
      "zOrder": -6,
      "numberProperties": [],
      "stringProperties": [],
      "initialVariables": []
    }
  ],
  "objects": [
    {
      "assetStoreId": "",
      "bottomMargin": 0,
      "height": 16,
      "leftMargin": 0,
      "name": "NewPanelSprite",
      "rightMargin": 0,
      "tags": "",
      "texture": "assets_focus\\spot differences-min.jpg",
      "tiled": false,
      "topMargin": 0,
      "type": "PanelSpriteObject::PanelSprite",
      "width": 16,
      "variables": [],
      "effects": [],
      "behaviors": []
    },
    {
      "assetStoreId": "",
      "bold": false,
      "italic": false,
      "name": "level",
      "smoothed": true,
      "tags": "",
      "type": "TextObject::Text",
      "underlined": false,
      "variables": [],
      "effects": [],
      "behaviors": [],
      "string": "Level 1",
      "font": "",
      "textAlignment": "left",
      "characterSize": 40,
      "color": {
        "b": 255,
        "g": 255,
        "r": 255
      }
    },
    {
      "assetStoreId": "",
      "bold": false,
      "italic": false,
      "name": "Score",
      "smoothed": true,
      "tags": "",
      "type": "TextObject::Text",
      "underlined": false,
      "variables": [],
      "effects": [],
      "behaviors": [],
      "string": "",
      "font": "",
      "textAlignment": "left",
      "characterSize": 25,
      "color": {
        "b": 255,
        "g": 255,
        "r": 255
      }
    },
    {
      "assetStoreId": "9feea21021fed32759f656148f5f19ee01de5dfbca1fc1f6beb47304d3de839e",
      "name": "CloseRoundButton",
      "tags": "",
      "type": "Sprite",
      "updateIfNotVisible": false,
      "variables": [],
      "effects": [],
      "behaviors": [],
      "animations": [
        {
          "name": "",
          "useMultipleDirections": false,
          "directions": [
            {
              "looping": true,
              "timeBetweenFrames": 0.025,
              "sprites": [
                {
                  "hasCustomCollisionMask": false,
                  "image": "assets_focus\\Close round button.png",
                  "points": [],
                  "originPoint": {
                    "name": "origine",
                    "x": 0,
                    "y": 0
                  },
                  "centerPoint": {
                    "automatic": true,
                    "name": "centre",
                    "x": 0,
                    "y": 0
                  },
                  "customCollisionMask": []
                }
              ]
            }
          ]
        }
      ]
    },
    {
      "assetStoreId": "",
      "bold": false,
      "italic": false,
      "name": "time",
      "smoothed": true,
      "tags": "",
      "type": "TextObject::Text",
      "underlined": false,
      "variables": [],
      "effects": [],
      "behaviors": [],
      "string": "",
      "font": "",
      "textAlignment": "left",
      "characterSize": 30,
      "color": {
        "b": 255,
        "g": 255,
        "r": 255
      }
    },
    {
      "assetStoreId": "d83498247c04f8ab98f07c182f71fd8f25cbcf7fd332b52414a29da3867d0959",
      "name": "PauseButton",
      "tags": "",
      "type": "Sprite",
      "updateIfNotVisible": false,
      "variables": [],
      "effects": [],
      "behaviors": [],
      "animations": [
        {
          "name": "",
          "useMultipleDirections": false,
          "directions": [
            {
              "looping": true,
              "timeBetweenFrames": 0.025,
              "sprites": [
                {
                  "hasCustomCollisionMask": false,
                  "image": "assets_focus\\Pause button.png",
                  "points": [],
                  "originPoint": {
                    "name": "origine",
                    "x": 0,
                    "y": 0
                  },
                  "centerPoint": {
                    "automatic": true,
                    "name": "centre",
                    "x": 0,
                    "y": 0
                  },
                  "customCollisionMask": []
                }
              ]
            }
          ]
        }
      ]
    },
    {
      "assetStoreId": "5b90222bca187d2a7703d7135fb1b47363c6ea1b9eeff7014888376a457212be",
      "name": "QuestionKey",
      "tags": "",
      "type": "Sprite",
      "updateIfNotVisible": false,
      "variables": [],
      "effects": [],
      "behaviors": [],
      "animations": [
        {
          "name": "",
          "useMultipleDirections": false,
          "directions": [
            {
              "looping": true,
              "timeBetweenFrames": 0.025,
              "sprites": [
                {
                  "hasCustomCollisionMask": false,
                  "image": "assets_focus\\Question Key.png",
                  "points": [],
                  "originPoint": {
                    "name": "origine",
                    "x": 0,
                    "y": 0
                  },
                  "centerPoint": {
                    "automatic": true,
                    "name": "centre",
                    "x": 0,
                    "y": 0
                  },
                  "customCollisionMask": []
                }
              ]
            }
          ]
        }
      ]
    },
    {
      "assetStoreId": "",
      "bottomMargin": 0,
      "height": 32,
      "leftMargin": 0,
      "name": "NewPanelSprite2",
      "rightMargin": 0,
      "tags": "",
      "texture": "assets_focus\\89374e2c-d3af-4504-bc80-4e41f6412488.jpg",
      "tiled": false,
      "topMargin": 0,
      "type": "PanelSpriteObject::PanelSprite",
      "width": 32,
      "variables": [],
      "effects": [],
      "behaviors": []
    },
    {
      "assetStoreId": "",
      "name": "NewSprite",
      "tags": "",
      "type": "Sprite",
      "updateIfNotVisible": false,
      "variables": [],
      "effects": [],
      "behaviors": [],
      "animations": [
        {
          "name": "",
          "useMultipleDirections": false,
          "directions": [
            {
              "looping": false,
              "timeBetweenFrames": 0.08,
              "sprites": [
                {
                  "hasCustomCollisionMask": false,
                  "image": "assets_focus\\download.png",
                  "points": [],
                  "originPoint": {
                    "name": "origine",
                    "x": 0,
                    "y": 0
                  },
                  "centerPoint": {
                    "automatic": true,
                    "name": "centre",
                    "x": 0,
                    "y": 0
                  },
                  "customCollisionMask": []
                }
              ]
            }
          ]
        }
      ]
    },
    {
      "assetStoreId": "",
      "name": "NewSprite2",
      "tags": "",
      "type": "Sprite",
      "updateIfNotVisible": false,
      "variables": [],
      "effects": [],
      "behaviors": [],
      "animations": [
        {
          "name": "",
          "useMultipleDirections": false,
          "directions": [
            {
              "looping": false,
              "timeBetweenFrames": 0.08,
              "sprites": [
                {
                  "hasCustomCollisionMask": false,
                  "image": "assets_focus\\download.png",
                  "points": [],
                  "originPoint": {
                    "name": "origine",
                    "x": 0,
                    "y": 0
                  },
                  "centerPoint": {
                    "automatic": true,
                    "name": "centre",
                    "x": 0,
                    "y": 0
                  },
                  "customCollisionMask": []
                }
              ]
            }
          ]
        }
      ]
    },
    {
      "assetStoreId": "",
      "name": "NewSprite22",
      "tags": "",
      "type": "Sprite",
      "updateIfNotVisible": false,
      "variables": [],
      "effects": [],
      "behaviors": [],
      "animations": [
        {
          "name": "",
          "useMultipleDirections": false,
          "directions": [
            {
              "looping": false,
              "timeBetweenFrames": 0.08,
              "sprites": [
                {
                  "hasCustomCollisionMask": false,
                  "image": "assets_focus\\download.png",
                  "points": [],
                  "originPoint": {
                    "name": "origine",
                    "x": 0,
                    "y": 0
                  },
                  "centerPoint": {
                    "automatic": true,
                    "name": "centre",
                    "x": 0,
                    "y": 0
                  },
                  "customCollisionMask": []
                }
              ]
            }
          ]
        }
      ]
    },
    {
      "assetStoreId": "",
      "name": "NewSprite2221",
      "tags": "",
      "type": "Sprite",
      "updateIfNotVisible": false,
      "variables": [],
      "effects": [],
      "behaviors": [],
      "animations": [
        {
          "name": "",
          "useMultipleDirections": false,
          "directions": [
            {
              "looping": false,
              "timeBetweenFrames": 0.08,
              "sprites": [
                {
                  "hasCustomCollisionMask": false,
                  "image": "assets_focus\\download.png",
                  "points": [],
                  "originPoint": {
                    "name": "origine",
                    "x": 0,
                    "y": 0
                  },
                  "centerPoint": {
                    "automatic": true,
                    "name": "centre",
                    "x": 0,
                    "y": 0
                  },
                  "customCollisionMask": []
                }
              ]
            }
          ]
        }
      ]
    },
    {
      "assetStoreId": "",
      "name": "NewSprite2222",
      "tags": "",
      "type": "Sprite",
      "updateIfNotVisible": false,
      "variables": [],
      "effects": [],
      "behaviors": [],
      "animations": [
        {
          "name": "",
          "useMultipleDirections": false,
          "directions": [
            {
              "looping": false,
              "timeBetweenFrames": 0.08,
              "sprites": [
                {
                  "hasCustomCollisionMask": false,
                  "image": "assets_focus\\download.png",
                  "points": [],
                  "originPoint": {
                    "name": "origine",
                    "x": 0,
                    "y": 0
                  },
                  "centerPoint": {
                    "automatic": true,
                    "name": "centre",
                    "x": 0,
                    "y": 0
                  },
                  "customCollisionMask": []
                }
              ]
            }
          ]
        }
      ]
    },
    {
      "assetStoreId": "",
      "name": "Circle1",
      "tags": "",
      "type": "PrimitiveDrawing::Drawer",
      "variables": [],
      "effects": [],
      "behaviors": [],
      "fillOpacity": 0,
      "outlineSize": 5,
      "outlineOpacity": 255,
      "fillColor": {
        "b": 255,
        "g": 255,
        "r": 255
      },
      "outlineColor": {
        "b": 0,
        "g": 0,
        "r": 255
      },
      "absoluteCoordinates": false,
      "clearBetweenFrames": false,
      "antialiasing": "high"
    },
    {
      "assetStoreId": "e4f6d5a32e2554b7f38d3677e0ac722dcd2701fde470a9225f0e5ab075651d73",
      "name": "Message",
      "tags": "",
      "type": "Sprite",
      "updateIfNotVisible": false,
      "variables": [],
      "effects": [],
      "behaviors": [],
      "animations": [
        {
          "name": "",
          "useMultipleDirections": false,
          "directions": [
            {
              "looping": true,
              "timeBetweenFrames": 0.025,
              "sprites": [
                {
                  "hasCustomCollisionMask": false,
                  "image": "assets_focus\\Message.png",
                  "points": [],
                  "originPoint": {
                    "name": "origine",
                    "x": 0,
                    "y": 0
                  },
                  "centerPoint": {
                    "automatic": true,
                    "name": "centre",
                    "x": 0,
                    "y": 0
                  },
                  "customCollisionMask": []
                }
              ]
            }
          ]
        }
      ]
    },
    {
      "assetStoreId": "",
      "bold": false,
      "italic": false,
      "name": "NewText",
      "smoothed": true,
      "tags": "",
      "type": "TextObject::Text",
      "underlined": false,
      "variables": [],
      "effects": [],
      "behaviors": [],
      "string": "Click the difference on the top side picture",
      "font": "",
      "textAlignment": "left",
      "characterSize": 20,
      "color": {
        "b": 0,
        "g": 0,
        "r": 0
      }
    }
  ],
  "events": [
    {
      "type": "BuiltinCommonInstructions::Standard",
      "conditions": [
        {
          "type": {
            "value": "DepartScene"
          },
          "parameters": [
            ""
          ]
        }
      ],
      "actions": [
        {
          "type": {
            "value": "ResetTimer"
          },
          "parameters": [
            "",
            "\"CountDown\""
          ]
        }
      ]
    },
    {
      "type": "BuiltinCommonInstructions::Standard",
      "conditions": [],
      "actions": [
        {
          "type": {
            "value": "TextObject::String"
          },
          "parameters": [
            "time",
            "=",
            "\"Time: \" + ToString(round(abs(TimerElapsedTime(\"CountDown\")-60)))"
          ]
        }
      ]
    },
    {
      "type": "BuiltinCommonInstructions::Standard",
      "conditions": [
        {
          "type": {
            "value": "CompareTimer"
          },
          "parameters": [
            "",
            "\"CountDown\"",
            ">",
            "60"
          ]
        }
      ],
      "actions": [
        {
          "type": {
            "value": "Scene"
          },
          "parameters": [
            "",
            "\"Try again2\"",
            ""
          ]
        }
      ]
    },
    {
      "folded": true,
      "type": "BuiltinCommonInstructions::Standard",
      "conditions": [],
      "actions": [
        {
          "type": {
            "value": "TextObject::String"
          },
          "parameters": [
            "Score",
            "=",
            "\"Score:\" + GlobalVariableString(Score)"
          ]
        }
      ]
    },
    {
      "type": "BuiltinCommonInstructions::Standard",
      "conditions": [
        {
          "type": {
            "value": "VarGlobal"
          },
          "parameters": [
            "Score",
            "=",
            "500"
          ]
        }
      ],
      "actions": [
        {
          "type": {
            "value": "Scene"
          },
          "parameters": [
            "",
            "\"Good Job 2\"",
            ""
          ]
        }
      ]
    },
    {
      "type": "BuiltinCommonInstructions::Standard",
      "conditions": [
        {
          "type": {
            "value": "SourisSurObjet"
          },
          "parameters": [
            "NewSprite",
            "",
            "",
            ""
          ]
        },
        {
          "type": {
            "value": "MouseButtonReleased"
          },
          "parameters": [
            "",
            "Left"
          ]
        }
      ],
      "actions": [
        {
          "type": {
            "value": "Cache"
          },
          "parameters": [
            "Circle1"
          ]
        },
        {
          "type": {
            "value": "PrimitiveDrawing::Circle"
          },
          "parameters": [
            "Circle1",
            "180",
            "30",
            "20"
          ]
        },
        {
          "type": {
            "value": "Montre"
          },
          "parameters": [
            "Circle1",
            ""
          ]
        },
        {
          "type": {
            "value": "ModVarGlobal"
          },
          "parameters": [
            "Score",
            "+",
            "100"
          ]
        }
      ]
    },
    {
      "type": "BuiltinCommonInstructions::Standard",
      "conditions": [
        {
          "type": {
            "value": "SourisSurObjet"
          },
          "parameters": [
            "NewSprite2",
            "",
            "",
            ""
          ]
        },
        {
          "type": {
            "value": "MouseButtonReleased"
          },
          "parameters": [
            "",
            "Left"
          ]
        }
      ],
      "actions": [
        {
          "type": {
            "value": "Cache"
          },
          "parameters": [
            "Circle1"
          ]
        },
        {
          "type": {
            "value": "PrimitiveDrawing::Circle"
          },
          "parameters": [
            "Circle1",
            "40",
            "60",
            "20"
          ]
        },
        {
          "type": {
            "value": "Montre"
          },
          "parameters": [
            "Circle1",
            ""
          ]
        },
        {
          "type": {
            "value": "ModVarGlobal"
          },
          "parameters": [
            "Score",
            "+",
            "100"
          ]
        }
      ]
    },
    {
      "type": "BuiltinCommonInstructions::Standard",
      "conditions": [
        {
          "type": {
            "value": "SourisSurObjet"
          },
          "parameters": [
            "NewSprite22",
            "",
            "",
            ""
          ]
        },
        {
          "type": {
            "value": "MouseButtonReleased"
          },
          "parameters": [
            "",
            "Left"
          ]
        }
      ],
      "actions": [
        {
          "type": {
            "value": "Cache"
          },
          "parameters": [
            "Circle1"
          ]
        },
        {
          "type": {
            "value": "PrimitiveDrawing::Circle"
          },
          "parameters": [
            "Circle1",
            "50",
            "120",
            "20"
          ]
        },
        {
          "type": {
            "value": "Montre"
          },
          "parameters": [
            "Circle1",
            ""
          ]
        },
        {
          "type": {
            "value": "ModVarGlobal"
          },
          "parameters": [
            "Score",
            "+",
            "100"
          ]
        }
      ]
    },
    {
      "type": "BuiltinCommonInstructions::Standard",
      "conditions": [
        {
          "type": {
            "value": "SourisSurObjet"
          },
          "parameters": [
            "NewSprite2221",
            "",
            "",
            ""
          ]
        },
        {
          "type": {
            "value": "MouseButtonReleased"
          },
          "parameters": [
            "",
            "Left"
          ]
        }
      ],
      "actions": [
        {
          "type": {
            "value": "Cache"
          },
          "parameters": [
            "Circle1"
          ]
        },
        {
          "type": {
            "value": "PrimitiveDrawing::Circle"
          },
          "parameters": [
            "Circle1",
            "45",
            "165",
            "20"
          ]
        },
        {
          "type": {
            "value": "Montre"
          },
          "parameters": [
            "Circle1",
            ""
          ]
        },
        {
          "type": {
            "value": "ModVarGlobal"
          },
          "parameters": [
            "Score",
            "+",
            "100"
          ]
        }
      ]
    },
    {
      "type": "BuiltinCommonInstructions::Standard",
      "conditions": [
        {
          "type": {
            "value": "SourisSurObjet"
          },
          "parameters": [
            "NewSprite2222",
            "",
            "",
            ""
          ]
        },
        {
          "type": {
            "value": "MouseButtonReleased"
          },
          "parameters": [
            "",
            "Left"
          ]
        }
      ],
      "actions": [
        {
          "type": {
            "value": "Cache"
          },
          "parameters": [
            "Circle1"
          ]
        },
        {
          "type": {
            "value": "PrimitiveDrawing::Circle"
          },
          "parameters": [
            "Circle1",
            "180",
            "150",
            "20"
          ]
        },
        {
          "type": {
            "value": "Montre"
          },
          "parameters": [
            "Circle1",
            ""
          ]
        },
        {
          "type": {
            "value": "ModVarGlobal"
          },
          "parameters": [
            "Score",
            "+",
            "100"
          ]
        }
      ]
    },
    {
      "type": "BuiltinCommonInstructions::Standard",
      "conditions": [
        {
          "type": {
            "value": "SourisSurObjet"
          },
          "parameters": [
            "CloseRoundButton",
            "",
            "",
            ""
          ]
        },
        {
          "type": {
            "value": "MouseButtonReleased"
          },
          "parameters": [
            "",
            "Left"
          ]
        }
      ],
      "actions": [
        {
          "type": {
            "value": "Scene"
          },
          "parameters": [
            "",
            "\"Challenge&Relax\"",
            ""
          ]
        }
      ]
    },
    {
      "type": "BuiltinCommonInstructions::Standard",
      "conditions": [
        {
          "type": {
            "value": "SourisSurObjet"
          },
          "parameters": [
            "PauseButton",
            "",
            "",
            ""
          ]
        },
        {
          "type": {
            "value": "MouseButtonReleased"
          },
          "parameters": [
            "",
            "Left"
          ]
        }
      ],
      "actions": [
        {
          "type": {
            "value": "ToggleSceneVariableAsBoolean"
          },
          "parameters": [
            "pause"
          ]
        }
      ]
    },
    {
      "type": "BuiltinCommonInstructions::Standard",
      "conditions": [
        {
          "type": {
            "value": "SceneVariableAsBoolean"
          },
          "parameters": [
            "pause",
            "True"
          ]
        }
      ],
      "actions": [
        {
          "type": {
            "value": "ChangeTimeScale"
          },
          "parameters": [
            "",
            "0"
          ]
        }
      ]
    },
    {
      "type": "BuiltinCommonInstructions::Standard",
      "conditions": [
        {
          "type": {
            "value": "SceneVariableAsBoolean"
          },
          "parameters": [
            "pause",
            ""
          ]
        }
      ],
      "actions": [
        {
          "type": {
            "value": "ChangeTimeScale"
          },
          "parameters": [
            "",
            "1"
          ]
        }
      ]
    },
    {
      "type": "BuiltinCommonInstructions::Standard",
      "conditions": [],
      "actions": [
        {
          "type": {
            "value": "Cache"
          },
          "parameters": [
            "Message"
          ]
        },
        {
          "type": {
            "value": "Cache"
          },
          "parameters": [
            "NewText"
          ]
        }
      ]
    },
    {
      "type": "BuiltinCommonInstructions::Standard",
      "conditions": [
        {
          "type": {
            "value": "SourisSurObjet"
          },
          "parameters": [
            "QuestionKey",
            "",
            "",
            ""
          ]
        }
      ],
      "actions": [
        {
          "type": {
            "value": "Montre"
          },
          "parameters": [
            "Message",
            ""
          ]
        },
        {
          "type": {
            "value": "Montre"
          },
          "parameters": [
            "NewText",
            ""
          ]
        }
      ]
    }
  ],
  "layers": [
    {
      "ambientLightColorB": 200,
      "ambientLightColorG": 200,
      "ambientLightColorR": 200,
      "camera3DFarPlaneDistance": 10000,
      "camera3DFieldOfView": 45,
      "camera3DNearPlaneDistance": 0.1,
      "followBaseLayerCamera": false,
      "isLightingLayer": false,
      "isLocked": false,
      "name": "",
      "renderingType": "",
      "visibility": true,
      "cameras": [
        {
          "defaultSize": true,
          "defaultViewport": true,
          "height": 0,
          "viewportBottom": 1,
          "viewportLeft": 0,
          "viewportRight": 1,
          "viewportTop": 0,
          "width": 0
        }
      ],
      "effects": []
    }
  ],
  "behaviorsSharedData": []
}