{
  "b": 209,
  "disableInputWhenNotFocused": true,
  "mangledName": "Homepage",
  "name": "Homepage",
  "r": 209,
  "standardSortMethod": true,
  "stopSoundsOnStartup": true,
  "title": "",
  "v": 209,
  "uiSettings": {
    "grid": false,
    "gridType": "rectangular",
    "gridWidth": 32,
    "gridHeight": 32,
    "gridOffsetX": 0,
    "gridOffsetY": 0,
    "gridColor": 10401023,
    "gridAlpha": 0.8,
    "snap": false,
    "zoomFactor": 0.7107080467785468,
    "windowMask": false
  },
  "objectsGroups": [],
  "variables": [],
  "instances": [
    {
      "angle": 0,
      "customSize": true,
      "depth": 32,
      "height": 175,
      "layer": "",
      "name": "GreenButtonWithStoneFrame",
      "persistentUuid": "d15f3b51-0c3c-4baa-b30d-6cb5c722b3e2",
      "width": 271,
      "x": 117,
      "y": 81,
      "zOrder": 1,
      "numberProperties": [],
      "stringProperties": [],
      "initialVariables": []
    },
    {
      "angle": 0,
      "customSize": true,
      "depth": 32,
      "height": 177,
      "layer": "",
      "name": "RedButtonWithStoneFrame",
      "persistentUuid": "37338064-ab6d-4393-bf4e-bef2bb5c7be6",
      "width": 239,
      "x": 140,
      "y": 312,
      "zOrder": 2,
      "numberProperties": [],
      "stringProperties": [],
      "initialVariables": []
    },
    {
      "angle": 0,
      "customSize": true,
      "depth": 32,
      "height": 177,
      "layer": "",
      "name": "PurpleButtonWithStoneFrame",
      "persistentUuid": "bfe409b2-f74e-4d70-b605-63bf9a7f46ba",
      "width": 269,
      "x": 443,
      "y": 86,
      "zOrder": 3,
      "numberProperties": [],
      "stringProperties": [],
      "initialVariables": []
    },
    {
      "angle": 0,
      "customSize": true,
      "depth": 32,
      "height": 178,
      "layer": "",
      "name": "OrangeButtonWithStoneFrame",
      "persistentUuid": "7a1dba6d-0a4d-40dc-a592-f5e750ba5716",
      "width": 244,
      "x": 455,
      "y": 313,
      "zOrder": 4,
      "numberProperties": [],
      "stringProperties": [],
      "initialVariables": []
    },
    {
      "angle": 0,
      "customSize": true,
      "depth": 0,
      "height": 58,
      "layer": "UI",
      "name": "Help",
      "persistentUuid": "2eea87a8-ea4c-422b-a91f-e36b283ff299",
      "width": 47,
      "x": 729,
      "y": 8,
      "zOrder": 6,
      "numberProperties": [],
      "stringProperties": [],
      "initialVariables": []
    },
    {
      "angle": 0,
      "customSize": true,
      "depth": 0,
      "height": 613,
      "layer": "",
      "name": "NewSprite",
      "persistentUuid": "3523bb97-35e0-4598-8f8b-3c2376a8cc11",
      "width": 817,
      "x": -8,
      "y": -7,
      "zOrder": 0,
      "numberProperties": [],
      "stringProperties": [],
      "initialVariables": []
    },
    {
      "angle": 180,
      "customSize": true,
      "depth": 0,
      "height": 334,
      "layer": "UI",
      "name": "Message",
      "persistentUuid": "2f90a4e2-f09e-4640-9875-af8fe0b82a5d",
      "width": 601,
      "x": 171,
      "y": 35,
      "zOrder": 5,
      "numberProperties": [],
      "stringProperties": [],
      "initialVariables": []
    },
    {
      "angle": 0,
      "customSize": true,
      "depth": 0,
      "height": 143,
      "layer": "UI",
      "name": "HelpText",
      "persistentUuid": "1f7dbd7e-3128-44ca-8103-3b751b509b6c",
      "width": 494,
      "x": 204,
      "y": 163,
      "zOrder": 8,
      "numberProperties": [],
      "stringProperties": [],
      "initialVariables": []
    }
  ],
  "objects": [
    {
      "assetStoreId": "a9a5c3d4461db6e8de41aa6f84319978f5e3829a00878947cb8aff958a3642bb",
      "name": "Buy",
      "tags": "",
      "type": "Sprite",
      "updateIfNotVisible": false,
      "variables": [],
      "effects": [],
      "behaviors": [],
      "animations": [
        {
          "name": "",
          "useMultipleDirections": false,
          "directions": [
            {
              "looping": true,
              "timeBetweenFrames": 0.025,
              "sprites": [
                {
                  "hasCustomCollisionMask": false,
                  "image": "Buy.png",
                  "points": [],
                  "originPoint": {
                    "name": "origine",
                    "x": 0,
                    "y": 0
                  },
                  "centerPoint": {
                    "automatic": true,
                    "name": "centre",
                    "x": 0,
                    "y": 0
                  },
                  "customCollisionMask": []
                }
              ]
            }
          ]
        }
      ]
    },
    {
      "assetStoreId": "115f9460e4ee43caa0e0641c651b8c54f4fe1705c17310133a8b0df2b2727ded",
      "name": "Download",
      "tags": "",
      "type": "Sprite",
      "updateIfNotVisible": false,
      "variables": [],
      "effects": [],
      "behaviors": [],
      "animations": [
        {
          "name": "",
          "useMultipleDirections": false,
          "directions": [
            {
              "looping": true,
              "timeBetweenFrames": 0.025,
              "sprites": [
                {
                  "hasCustomCollisionMask": false,
                  "image": "Download.png",
                  "points": [],
                  "originPoint": {
                    "name": "origine",
                    "x": 0,
                    "y": 0
                  },
                  "centerPoint": {
                    "automatic": true,
                    "name": "centre",
                    "x": 0,
                    "y": 0
                  },
                  "customCollisionMask": []
                }
              ]
            }
          ]
        }
      ]
    },
    {
      "assetStoreId": "04702415b2659bd59f81e6a4e59f641557d6d1e8786f30ebfd1b2a1b981deff6",
      "name": "Config",
      "tags": "",
      "type": "Sprite",
      "updateIfNotVisible": false,
      "variables": [],
      "effects": [],
      "behaviors": [],
      "animations": [
        {
          "name": "",
          "useMultipleDirections": false,
          "directions": [
            {
              "looping": true,
              "timeBetweenFrames": 0.025,
              "sprites": [
                {
                  "hasCustomCollisionMask": false,
                  "image": "Config.png",
                  "points": [],
                  "originPoint": {
                    "name": "origine",
                    "x": 0,
                    "y": 0
                  },
                  "centerPoint": {
                    "automatic": true,
                    "name": "centre",
                    "x": 0,
                    "y": 0
                  },
                  "customCollisionMask": []
                }
              ]
            }
          ]
        }
      ]
    },
    {
      "assetStoreId": "a7f7154a8ce6581813ff81227cb863ee07c473c5077e5bc4daeda01a247ec206",
      "name": "Ads",
      "tags": "",
      "type": "Sprite",
      "updateIfNotVisible": false,
      "variables": [],
      "effects": [],
      "behaviors": [],
      "animations": [
        {
          "name": "",
          "useMultipleDirections": false,
          "directions": [
            {
              "looping": true,
              "timeBetweenFrames": 0.025,
              "sprites": [
                {
                  "hasCustomCollisionMask": false,
                  "image": "Ads.png",
                  "points": [],
                  "originPoint": {
                    "name": "origine",
                    "x": 0,
                    "y": 0
                  },
                  "centerPoint": {
                    "automatic": true,
                    "name": "centre",
                    "x": 0,
                    "y": 0
                  },
                  "customCollisionMask": []
                }
              ]
            }
          ]
        }
      ]
    },
    {
      "assetStoreId": "c938bfe7ca36e76504d7711c709ac6bb51bb9eb5575fe3bf6b6537154b9a052e",
      "name": "Apply",
      "tags": "",
      "type": "Sprite",
      "updateIfNotVisible": false,
      "variables": [],
      "effects": [],
      "behaviors": [],
      "animations": [
        {
          "name": "",
          "useMultipleDirections": false,
          "directions": [
            {
              "looping": true,
              "timeBetweenFrames": 0.025,
              "sprites": [
                {
                  "hasCustomCollisionMask": false,
                  "image": "Apply.png",
                  "points": [],
                  "originPoint": {
                    "name": "origine",
                    "x": 0,
                    "y": 0
                  },
                  "centerPoint": {
                    "automatic": true,
                    "name": "centre",
                    "x": 0,
                    "y": 0
                  },
                  "customCollisionMask": []
                }
              ]
            }
          ]
        }
      ]
    },
    {
      "assetStoreId": "9a61efbfbeb164faa3edd06e1e165db92082da103cebbffd3955bbc1ad670074",
      "name": "Back",
      "tags": "",
      "type": "Sprite",
      "updateIfNotVisible": false,
      "variables": [],
      "effects": [],
      "behaviors": [],
      "animations": [
        {
          "name": "",
          "useMultipleDirections": false,
          "directions": [
            {
              "looping": true,
              "timeBetweenFrames": 0.025,
              "sprites": [
                {
                  "hasCustomCollisionMask": false,
                  "image": "Back.png",
                  "points": [],
                  "originPoint": {
                    "name": "origine",
                    "x": 0,
                    "y": 0
                  },
                  "centerPoint": {
                    "automatic": true,
                    "name": "centre",
                    "x": 0,
                    "y": 0
                  },
                  "customCollisionMask": []
                }
              ]
            }
          ]
        }
      ]
    },
    {
      "assetStoreId": "904f796b103b763ff78660637334b1b6ca6c2d3003e87e27b9e7133528b6ccba",
      "name": "LargeBuyButton",
      "tags": "",
      "type": "Sprite",
      "updateIfNotVisible": false,
      "variables": [],
      "effects": [],
      "behaviors": [],
      "animations": [
        {
          "name": "",
          "useMultipleDirections": false,
          "directions": [
            {
              "looping": true,
              "timeBetweenFrames": 0.025,
              "sprites": [
                {
                  "hasCustomCollisionMask": false,
                  "image": "Large Buy Button.png",
                  "points": [],
                  "originPoint": {
                    "name": "origine",
                    "x": 0,
                    "y": 0
                  },
                  "centerPoint": {
                    "automatic": true,
                    "name": "centre",
                    "x": 0,
                    "y": 0
                  },
                  "customCollisionMask": []
                }
              ]
            }
          ]
        }
      ]
    },
    {
      "assetStoreId": "93b64a76ad14e6974a0be61dd2c9cdad5ffb34edd949153f30c12f8e56c32c3a",
      "name": "Heart",
      "tags": "",
      "type": "Sprite",
      "updateIfNotVisible": false,
      "variables": [],
      "effects": [],
      "behaviors": [],
      "animations": [
        {
          "name": "",
          "useMultipleDirections": false,
          "directions": [
            {
              "looping": true,
              "timeBetweenFrames": 0.025,
              "sprites": [
                {
                  "hasCustomCollisionMask": false,
                  "image": "Heart.png",
                  "points": [],
                  "originPoint": {
                    "name": "origine",
                    "x": 0,
                    "y": 0
                  },
                  "centerPoint": {
                    "automatic": true,
                    "name": "centre",
                    "x": 0,
                    "y": 0
                  },
                  "customCollisionMask": []
                }
              ]
            }
          ]
        }
      ]
    },
    {
      "assetStoreId": "56620f58bc8730fe4a9e4a76caff40de4ca8f034e3c821da2cb73247909b5126",
      "name": "LeftArrow",
      "tags": "",
      "type": "Sprite",
      "updateIfNotVisible": false,
      "variables": [],
      "effects": [],
      "behaviors": [],
      "animations": [
        {
          "name": "",
          "useMultipleDirections": false,
          "directions": [
            {
              "looping": true,
              "timeBetweenFrames": 0.025,
              "sprites": [
                {
                  "hasCustomCollisionMask": false,
                  "image": "Left arrow.png",
                  "points": [],
                  "originPoint": {
                    "name": "origine",
                    "x": 0,
                    "y": 0
                  },
                  "centerPoint": {
                    "automatic": true,
                    "name": "centre",
                    "x": 0,
                    "y": 0
                  },
                  "customCollisionMask": []
                }
              ]
            }
          ]
        }
      ]
    },
    {
      "assetStoreId": "2297a9fa27951642cbfaf3ccc6d46ec92de1c0d6768d5842cfb638152d80b0d8",
      "name": "Help",
      "tags": "",
      "type": "Sprite",
      "updateIfNotVisible": false,
      "variables": [
        {
          "folded": true,
          "name": "Variable",
          "type": "string",
          "value": ""
        }
      ],
      "effects": [
        {
          "effectType": "Glow",
          "name": "Effect2",
          "doubleParameters": {
            "distance": 15,
            "innerStrength": 1,
            "outerStrength": 2
          },
          "stringParameters": {
            "color": "217;224;28"
          },
          "booleanParameters": {}
        }
      ],
      "behaviors": [
        {
          "name": "ButtonFSM",
          "type": "ButtonStates::ButtonFSM",
          "ShouldCheckHovering": true,
          "State": "Idle",
          "TouchId": 0,
          "TouchIsInside": false,
          "MouseIsInside": false,
          "Index": 0
        }
      ],
      "animations": [
        {
          "name": "Help",
          "useMultipleDirections": false,
          "directions": [
            {
              "looping": true,
              "metadata": "{\"pskl\":{}}",
              "timeBetweenFrames": 0.025,
              "sprites": [
                {
                  "hasCustomCollisionMask": false,
                  "image": "Help.png",
                  "points": [],
                  "originPoint": {
                    "name": "origine",
                    "x": 0,
                    "y": 0
                  },
                  "centerPoint": {
                    "automatic": true,
                    "name": "centre",
                    "x": 0,
                    "y": 0
                  },
                  "customCollisionMask": []
                }
              ]
            }
          ]
        }
      ]
    },
    {
      "assetStoreId": "4de6f6b3cfbc080e0612304d9a50b8c88dc2e9f995be50b68736f8fbfc9151a1",
      "name": "LargeExitButton",
      "tags": "",
      "type": "Sprite",
      "updateIfNotVisible": false,
      "variables": [],
      "effects": [],
      "behaviors": [],
      "animations": [
        {
          "name": "",
          "useMultipleDirections": false,
          "directions": [
            {
              "looping": true,
              "timeBetweenFrames": 0.025,
              "sprites": [
                {
                  "hasCustomCollisionMask": false,
                  "image": "Large Exit Button.png",
                  "points": [],
                  "originPoint": {
                    "name": "origine",
                    "x": 0,
                    "y": 0
                  },
                  "centerPoint": {
                    "automatic": true,
                    "name": "centre",
                    "x": 0,
                    "y": 0
                  },
                  "customCollisionMask": []
                }
              ]
            }
          ]
        }
      ]
    },
    {
      "assetStoreId": "889b4fcc7396cd7435513d4c5b887b0b18999fe5bbfbc4474baa78c46c3a112d",
      "name": "LargePlayButton",
      "tags": "",
      "type": "Sprite",
      "updateIfNotVisible": false,
      "variables": [],
      "effects": [],
      "behaviors": [],
      "animations": [
        {
          "name": "",
          "useMultipleDirections": false,
          "directions": [
            {
              "looping": true,
              "timeBetweenFrames": 0.025,
              "sprites": [
                {
                  "hasCustomCollisionMask": false,
                  "image": "Large Play Button.png",
                  "points": [],
                  "originPoint": {
                    "name": "origine",
                    "x": 0,
                    "y": 0
                  },
                  "centerPoint": {
                    "automatic": true,
                    "name": "centre",
                    "x": 0,
                    "y": 0
                  },
                  "customCollisionMask": []
                }
              ]
            }
          ]
        }
      ]
    },
    {
      "assetStoreId": "c38dafef3b324b20cb46d73bda03ed7228f6e4600c9cfb1da8ed9269044d67a0",
      "name": "Play",
      "tags": "",
      "type": "Sprite",
      "updateIfNotVisible": false,
      "variables": [],
      "effects": [],
      "behaviors": [],
      "animations": [
        {
          "name": "",
          "useMultipleDirections": false,
          "directions": [
            {
              "looping": true,
              "timeBetweenFrames": 0.025,
              "sprites": [
                {
                  "hasCustomCollisionMask": false,
                  "image": "Play.png",
                  "points": [],
                  "originPoint": {
                    "name": "origine",
                    "x": 0,
                    "y": 0
                  },
                  "centerPoint": {
                    "automatic": true,
                    "name": "centre",
                    "x": 0,
                    "y": 0
                  },
                  "customCollisionMask": []
                }
              ]
            }
          ]
        }
      ]
    },
    {
      "assetStoreId": "fffc8ff7ced7167972e3ec43014f1ebdd4a6e8f31fe94ad5bf65cb284679549e",
      "name": "Plus",
      "tags": "",
      "type": "Sprite",
      "updateIfNotVisible": false,
      "variables": [],
      "effects": [],
      "behaviors": [],
      "animations": [
        {
          "name": "",
          "useMultipleDirections": false,
          "directions": [
            {
              "looping": true,
              "timeBetweenFrames": 0.025,
              "sprites": [
                {
                  "hasCustomCollisionMask": false,
                  "image": "Plus.png",
                  "points": [],
                  "originPoint": {
                    "name": "origine",
                    "x": 0,
                    "y": 0
                  },
                  "centerPoint": {
                    "automatic": true,
                    "name": "centre",
                    "x": 0,
                    "y": 0
                  },
                  "customCollisionMask": []
                }
              ]
            }
          ]
        }
      ]
    },
    {
      "assetStoreId": "5b1bc92feacbff997f85dcd9141a261d9e01709eed7113576abdaf2cacab6fa3",
      "name": "Retry",
      "tags": "",
      "type": "Sprite",
      "updateIfNotVisible": false,
      "variables": [],
      "effects": [],
      "behaviors": [],
      "animations": [
        {
          "name": "",
          "useMultipleDirections": false,
          "directions": [
            {
              "looping": true,
              "timeBetweenFrames": 0.025,
              "sprites": [
                {
                  "hasCustomCollisionMask": false,
                  "image": "Retry.png",
                  "points": [],
                  "originPoint": {
                    "name": "origine",
                    "x": 0,
                    "y": 0
                  },
                  "centerPoint": {
                    "automatic": true,
                    "name": "centre",
                    "x": 0,
                    "y": 0
                  },
                  "customCollisionMask": []
                }
              ]
            }
          ]
        }
      ]
    },
    {
      "assetStoreId": "88fcda1ad57403ed0a8096f0ef8eafe2cf3bc044f4a0cc8449afb684b8276d7d",
      "name": "Star",
      "tags": "",
      "type": "Sprite",
      "updateIfNotVisible": false,
      "variables": [],
      "effects": [],
      "behaviors": [],
      "animations": [
        {
          "name": "",
          "useMultipleDirections": false,
          "directions": [
            {
              "looping": true,
              "timeBetweenFrames": 0.025,
              "sprites": [
                {
                  "hasCustomCollisionMask": false,
                  "image": "Star.png",
                  "points": [],
                  "originPoint": {
                    "name": "origine",
                    "x": 0,
                    "y": 0
                  },
                  "centerPoint": {
                    "automatic": true,
                    "name": "centre",
                    "x": 0,
                    "y": 0
                  },
                  "customCollisionMask": []
                }
              ]
            }
          ]
        }
      ]
    },
    {
      "assetStoreId": "903d374b9fd0edfd9e9b0bca311799884c7b24b350b18b5897b1caab8e008bec",
      "name": "Menu",
      "tags": "",
      "type": "Sprite",
      "updateIfNotVisible": false,
      "variables": [],
      "effects": [],
      "behaviors": [],
      "animations": [
        {
          "name": "",
          "useMultipleDirections": false,
          "directions": [
            {
              "looping": true,
              "timeBetweenFrames": 0.025,
              "sprites": [
                {
                  "hasCustomCollisionMask": false,
                  "image": "Menu.png",
                  "points": [],
                  "originPoint": {
                    "name": "origine",
                    "x": 0,
                    "y": 0
                  },
                  "centerPoint": {
                    "automatic": true,
                    "name": "centre",
                    "x": 0,
                    "y": 0
                  },
                  "customCollisionMask": []
                }
              ]
            }
          ]
        }
      ]
    },
    {
      "assetStoreId": "8f80aa8f2dd77a1796ba5eb80e063d77ea837fe8dfc4e0dc5c262a03ecdc5c32",
      "name": "Pause",
      "tags": "",
      "type": "Sprite",
      "updateIfNotVisible": false,
      "variables": [],
      "effects": [],
      "behaviors": [],
      "animations": [
        {
          "name": "",
          "useMultipleDirections": false,
          "directions": [
            {
              "looping": true,
              "timeBetweenFrames": 0.025,
              "sprites": [
                {
                  "hasCustomCollisionMask": false,
                  "image": "Pause.png",
                  "points": [],
                  "originPoint": {
                    "name": "origine",
                    "x": 0,
                    "y": 0
                  },
                  "centerPoint": {
                    "automatic": true,
                    "name": "centre",
                    "x": 0,
                    "y": 0
                  },
                  "customCollisionMask": []
                }
              ]
            }
          ]
        }
      ]
    },
    {
      "assetStoreId": "db35d0a8c406e73453413b94f88177702a5aaf5e3ba2132a0023b0490386bab2",
      "name": "Next",
      "tags": "",
      "type": "Sprite",
      "updateIfNotVisible": false,
      "variables": [],
      "effects": [],
      "behaviors": [],
      "animations": [
        {
          "name": "",
          "useMultipleDirections": false,
          "directions": [
            {
              "looping": true,
              "timeBetweenFrames": 0.025,
              "sprites": [
                {
                  "hasCustomCollisionMask": false,
                  "image": "Next.png",
                  "points": [],
                  "originPoint": {
                    "name": "origine",
                    "x": 0,
                    "y": 0
                  },
                  "centerPoint": {
                    "automatic": true,
                    "name": "centre",
                    "x": 0,
                    "y": 0
                  },
                  "customCollisionMask": []
                }
              ]
            }
          ]
        }
      ]
    },
    {
      "assetStoreId": "be6522ef199ea6efc7977166ae2d77ca171b433e22e65c066336773a0f905495",
      "name": "World",
      "tags": "",
      "type": "Sprite",
      "updateIfNotVisible": false,
      "variables": [],
      "effects": [],
      "behaviors": [],
      "animations": [
        {
          "name": "",
          "useMultipleDirections": false,
          "directions": [
            {
              "looping": true,
              "timeBetweenFrames": 0.025,
              "sprites": [
                {
                  "hasCustomCollisionMask": false,
                  "image": "World.png",
                  "points": [],
                  "originPoint": {
                    "name": "origine",
                    "x": 0,
                    "y": 0
                  },
                  "centerPoint": {
                    "automatic": true,
                    "name": "centre",
                    "x": 0,
                    "y": 0
                  },
                  "customCollisionMask": []
                }
              ]
            }
          ]
        }
      ]
    },
    {
      "assetStoreId": "ed150d95b590f97deda65902f26379fd804a3a6d1cb89344efc4d0ddbbc9dc3c",
      "name": "RightArrow",
      "tags": "",
      "type": "Sprite",
      "updateIfNotVisible": false,
      "variables": [],
      "effects": [],
      "behaviors": [],
      "animations": [
        {
          "name": "",
          "useMultipleDirections": false,
          "directions": [
            {
              "looping": true,
              "timeBetweenFrames": 0.025,
              "sprites": [
                {
                  "hasCustomCollisionMask": false,
                  "image": "Right arrow.png",
                  "points": [],
                  "originPoint": {
                    "name": "origine",
                    "x": 0,
                    "y": 0
                  },
                  "centerPoint": {
                    "automatic": true,
                    "name": "centre",
                    "x": 0,
                    "y": 0
                  },
                  "customCollisionMask": []
                }
              ]
            }
          ]
        }
      ]
    },
    {
      "assetStoreId": "6274edc51a06f6f3ceec58a0077973319aaf4f0ce973c0324dd2385222f7ef9f",
      "name": "Share",
      "tags": "",
      "type": "Sprite",
      "updateIfNotVisible": false,
      "variables": [],
      "effects": [],
      "behaviors": [],
      "animations": [
        {
          "name": "",
          "useMultipleDirections": false,
          "directions": [
            {
              "looping": true,
              "timeBetweenFrames": 0.025,
              "sprites": [
                {
                  "hasCustomCollisionMask": false,
                  "image": "Share.png",
                  "points": [],
                  "originPoint": {
                    "name": "origine",
                    "x": 0,
                    "y": 0
                  },
                  "centerPoint": {
                    "automatic": true,
                    "name": "centre",
                    "x": 0,
                    "y": 0
                  },
                  "customCollisionMask": []
                }
              ]
            }
          ]
        }
      ]
    },
    {
      "assetStoreId": "04702415b2659bd59f81e6a4e59f641557d6d1e8786f30ebfd1b2a1b981deff6",
      "name": "Config2",
      "tags": "",
      "type": "Sprite",
      "updateIfNotVisible": false,
      "variables": [],
      "effects": [],
      "behaviors": [],
      "animations": [
        {
          "name": "",
          "useMultipleDirections": false,
          "directions": [
            {
              "looping": true,
              "timeBetweenFrames": 0.025,
              "sprites": [
                {
                  "hasCustomCollisionMask": false,
                  "image": "Config.png",
                  "points": [],
                  "originPoint": {
                    "name": "origine",
                    "x": 0,
                    "y": 0
                  },
                  "centerPoint": {
                    "automatic": true,
                    "name": "centre",
                    "x": 0,
                    "y": 0
                  },
                  "customCollisionMask": []
                }
              ]
            }
          ]
        }
      ]
    },
    {
      "assetStoreId": "04702415b2659bd59f81e6a4e59f641557d6d1e8786f30ebfd1b2a1b981deff6",
      "name": "Config3",
      "tags": "",
      "type": "Sprite",
      "updateIfNotVisible": false,
      "variables": [],
      "effects": [
        {
          "effectType": "Glow",
          "name": "Effect",
          "doubleParameters": {
            "distance": 15,
            "innerStrength": 1,
            "outerStrength": 2
          },
          "stringParameters": {
            "color": "193;207;27"
          },
          "booleanParameters": {}
        }
      ],
      "behaviors": [
        {
          "name": "ButtonFSM",
          "type": "ButtonStates::ButtonFSM",
          "ShouldCheckHovering": true,
          "State": "Idle",
          "TouchId": 0,
          "TouchIsInside": false,
          "MouseIsInside": false,
          "Index": 0
        }
      ],
      "animations": [
        {
          "name": "Config",
          "useMultipleDirections": false,
          "directions": [
            {
              "looping": true,
              "metadata": "{\"pskl\":{}}",
              "timeBetweenFrames": 0.025,
              "sprites": [
                {
                  "hasCustomCollisionMask": false,
                  "image": "Config.png",
                  "points": [],
                  "originPoint": {
                    "name": "origine",
                    "x": 0,
                    "y": 0
                  },
                  "centerPoint": {
                    "automatic": true,
                    "name": "centre",
                    "x": 0,
                    "y": 0
                  },
                  "customCollisionMask": []
                }
              ]
            }
          ]
        }
      ]
    },
    {
      "assetStoreId": "33302f0b615672a2e96316c096e13ad8d7242adba8bd5709538691894f0eae6e",
      "name": "BlueButtonWithShadow",
      "tags": "",
      "type": "PanelSpriteButton::PanelSpriteButton",
      "variables": [],
      "effects": [],
      "behaviors": [],
      "content": {
        "LeftPadding": 16,
        "RightPadding": 16,
        "PressedLabelOffsetY": 3,
        "BottomPadding": 32,
        "TopPadding": 32,
        "HoveredFadeOutDuration": 0.25
      },
      "childrenContent": {
        "Hovered": {
          "bottomMargin": 16,
          "height": 69,
          "leftMargin": 16,
          "rightMargin": 16,
          "texture": "Blue Button With Shadow_Hovered.png",
          "tiled": true,
          "topMargin": 16,
          "width": 192
        },
        "Idle": {
          "bottomMargin": 16,
          "height": 69,
          "leftMargin": 16,
          "rightMargin": 16,
          "texture": "Blue Button With Shadow_Idle.png",
          "tiled": true,
          "topMargin": 16,
          "width": 192
        },
        "Label": {
          "bold": false,
          "italic": false,
          "smoothed": true,
          "underlined": false,
          "string": "BUTTON",
          "font": "CantoraOne-Regular.ttf",
          "textAlignment": "center",
          "characterSize": 40,
          "color": {
            "b": 255,
            "g": 255,
            "r": 255
          }
        },
        "Pressed": {
          "bottomMargin": 16,
          "height": 69,
          "leftMargin": 16,
          "rightMargin": 16,
          "texture": "Blue Button With Shadow_Pressed.png",
          "tiled": true,
          "topMargin": 16,
          "width": 192
        }
      }
    },
    {
      "assetStoreId": "d7de738069817891a6c233618dc4fe00463738543c80009e9ef75684d5f6e8fd",
      "name": "BrownButtonWithShadow",
      "tags": "",
      "type": "PanelSpriteButton::PanelSpriteButton",
      "variables": [],
      "effects": [],
      "behaviors": [],
      "content": {
        "LeftPadding": 16,
        "RightPadding": 16,
        "PressedLabelOffsetY": 3,
        "BottomPadding": 32,
        "TopPadding": 32,
        "HoveredFadeOutDuration": 0.25
      },
      "childrenContent": {
        "Hovered": {
          "bottomMargin": 16,
          "height": 69,
          "leftMargin": 16,
          "rightMargin": 16,
          "texture": "Brown Button With Shadow_Hovered.png",
          "tiled": true,
          "topMargin": 16,
          "width": 192
        },
        "Idle": {
          "bottomMargin": 16,
          "height": 69,
          "leftMargin": 16,
          "rightMargin": 16,
          "texture": "Brown Button With Shadow_Idle.png",
          "tiled": true,
          "topMargin": 16,
          "width": 192
        },
        "Label": {
          "bold": false,
          "italic": false,
          "smoothed": true,
          "underlined": false,
          "string": "BUTTON",
          "font": "CantoraOne-Regular.ttf",
          "textAlignment": "center",
          "characterSize": 40,
          "color": {
            "b": 255,
            "g": 255,
            "r": 255
          }
        },
        "Pressed": {
          "bottomMargin": 16,
          "height": 69,
          "leftMargin": 16,
          "rightMargin": 16,
          "texture": "Brown Button With Shadow_Pressed.png",
          "tiled": true,
          "topMargin": 16,
          "width": 192
        }
      }
    },
    {
      "assetStoreId": "d00645a899e762e085fa6fdf2625701baea9cc10ee903a64ca7d371e5bbb8dca",
      "name": "FloatingOutButtonDarkBlue",
      "tags": "",
      "type": "PanelSpriteButton::PanelSpriteButton",
      "variables": [],
      "effects": [],
      "behaviors": [],
      "content": {
        "LeftPadding": 0,
        "RightPadding": 0,
        "PressedLabelOffsetY": 2,
        "BottomPadding": 4,
        "TopPadding": 0,
        "HoveredFadeOutDuration": 0
      },
      "childrenContent": {
        "Hovered": {
          "bottomMargin": 10,
          "height": 64,
          "leftMargin": 6,
          "rightMargin": 6,
          "texture": "Floating Out Button Dark Blue_Hovered.png",
          "tiled": false,
          "topMargin": 10,
          "width": 192
        },
        "Idle": {
          "bottomMargin": 10,
          "height": 64,
          "leftMargin": 6,
          "rightMargin": 6,
          "texture": "Floating Out Button Dark Blue_Idle.png",
          "tiled": false,
          "topMargin": 10,
          "width": 192
        },
        "Label": {
          "bold": false,
          "italic": false,
          "smoothed": true,
          "underlined": false,
          "string": "Button",
          "font": "CarterOne-Regular.ttf",
          "textAlignment": "center",
          "characterSize": 40,
          "color": {
            "b": 255,
            "g": 255,
            "r": 255
          }
        },
        "Pressed": {
          "bottomMargin": 10,
          "height": 64,
          "leftMargin": 6,
          "rightMargin": 6,
          "texture": "Floating Out Button Dark Blue_Pressed.png",
          "tiled": false,
          "topMargin": 10,
          "width": 192
        }
      }
    },
    {
      "assetStoreId": "5f0df6131c9646dcbe98798196db5b6d806eb25564f86d2e119a084d1e20bf74",
      "name": "BlackDecoratedButton",
      "tags": "",
      "type": "PanelSpriteButton::PanelSpriteButton",
      "variables": [],
      "effects": [],
      "behaviors": [],
      "content": {
        "LeftPadding": 16,
        "RightPadding": 16,
        "PressedLabelOffsetY": 6,
        "BottomPadding": 24,
        "TopPadding": 20,
        "HoveredFadeOutDuration": 0.25
      },
      "childrenContent": {
        "Hovered": {
          "bottomMargin": 22,
          "height": 64,
          "leftMargin": 16,
          "rightMargin": 16,
          "texture": "Black Decorated Button_Hovered.png",
          "tiled": true,
          "topMargin": 16,
          "width": 192
        },
        "Idle": {
          "bottomMargin": 22,
          "height": 64,
          "leftMargin": 16,
          "rightMargin": 16,
          "texture": "Black Decorated Button_Idle.png",
          "tiled": true,
          "topMargin": 16,
          "width": 192
        },
        "Label": {
          "bold": false,
          "italic": false,
          "smoothed": true,
          "underlined": false,
          "string": "Button",
          "font": "ArchitectsDaughter.ttf",
          "textAlignment": "center",
          "characterSize": 22,
          "color": {
            "b": 255,
            "g": 255,
            "r": 255
          }
        },
        "Pressed": {
          "bottomMargin": 16,
          "height": 64,
          "leftMargin": 16,
          "rightMargin": 16,
          "texture": "Black Decorated Button_Pressed.png",
          "tiled": true,
          "topMargin": 22,
          "width": 192
        }
      }
    },
    {
      "assetStoreId": "90d94b6e3a23c34948e59eaaef4679740f8ab588696d59b21e0c0c2ef106b94d",
      "name": "BlueButton",
      "tags": "",
      "type": "PanelSpriteButton::PanelSpriteButton",
      "variables": [],
      "effects": [],
      "behaviors": [],
      "content": {
        "LeftPadding": 16,
        "RightPadding": 16,
        "PressedLabelOffsetY": 10,
        "BottomPadding": 32,
        "TopPadding": 16,
        "HoveredFadeOutDuration": 0.25
      },
      "childrenContent": {
        "Hovered": {
          "bottomMargin": 32,
          "height": 106,
          "leftMargin": 16,
          "rightMargin": 16,
          "texture": "Blue Button_Hovered.png",
          "tiled": true,
          "topMargin": 16,
          "width": 256
        },
        "Idle": {
          "bottomMargin": 32,
          "height": 106,
          "leftMargin": 16,
          "rightMargin": 16,
          "texture": "Blue Button_Idle.png",
          "tiled": true,
          "topMargin": 16,
          "width": 256
        },
        "Label": {
          "bold": false,
          "italic": false,
          "smoothed": true,
          "underlined": false,
          "string": "Button",
          "font": "",
          "textAlignment": "center",
          "characterSize": 60,
          "color": {
            "b": 99,
            "g": 69,
            "r": 28
          }
        },
        "Pressed": {
          "bottomMargin": 16,
          "height": 106,
          "leftMargin": 16,
          "rightMargin": 16,
          "texture": "Blue Button_Pressed.png",
          "tiled": true,
          "topMargin": 32,
          "width": 256
        }
      }
    },
    {
      "assetStoreId": "0d2644a425931f79026065835332ea795353d1f99fcd6ccd47ab7927bd0f35ed",
      "name": "BlackSquareDecoratedButton",
      "tags": "",
      "type": "PanelSpriteButton::PanelSpriteButton",
      "variables": [],
      "effects": [],
      "behaviors": [],
      "content": {
        "LeftPadding": 16,
        "RightPadding": 16,
        "PressedLabelOffsetY": 6,
        "BottomPadding": 24,
        "TopPadding": 24,
        "HoveredFadeOutDuration": 0.25
      },
      "childrenContent": {
        "Hovered": {
          "bottomMargin": 22,
          "height": 64,
          "leftMargin": 16,
          "rightMargin": 16,
          "texture": "Black Square Decorated Button_Hovered.png",
          "tiled": true,
          "topMargin": 16,
          "width": 192
        },
        "Idle": {
          "bottomMargin": 22,
          "height": 64,
          "leftMargin": 16,
          "rightMargin": 16,
          "texture": "Black Square Decorated Button_Idle.png",
          "tiled": true,
          "topMargin": 16,
          "width": 192
        },
        "Label": {
          "bold": false,
          "italic": false,
          "smoothed": true,
          "underlined": false,
          "string": "Button",
          "font": "mononoki-Regular.ttf",
          "textAlignment": "center",
          "characterSize": 26,
          "color": {
            "b": 255,
            "g": 255,
            "r": 255
          }
        },
        "Pressed": {
          "bottomMargin": 16,
          "height": 64,
          "leftMargin": 16,
          "rightMargin": 16,
          "texture": "Black Square Decorated Button_Pressed.png",
          "tiled": true,
          "topMargin": 22,
          "width": 192
        }
      }
    },
    {
      "assetStoreId": "569b45d3c7c34f7706563239938d04ca599016ff9857ee38c945c72330d4339e",
      "name": "GreenButtonWithShadow",
      "tags": "",
      "type": "PanelSpriteButton::PanelSpriteButton",
      "variables": [],
      "effects": [],
      "behaviors": [],
      "content": {
        "LeftPadding": 16,
        "RightPadding": 16,
        "PressedLabelOffsetY": 3,
        "BottomPadding": 32,
        "TopPadding": 32,
        "HoveredFadeOutDuration": 0.25
      },
      "childrenContent": {
        "Hovered": {
          "bottomMargin": 16,
          "height": 69,
          "leftMargin": 16,
          "rightMargin": 16,
          "texture": "Green Button With Shadow_Hovered.png",
          "tiled": true,
          "topMargin": 16,
          "width": 192
        },
        "Idle": {
          "bottomMargin": 16,
          "height": 69,
          "leftMargin": 16,
          "rightMargin": 16,
          "texture": "Green Button With Shadow_Idle.png",
          "tiled": true,
          "topMargin": 16,
          "width": 192
        },
        "Label": {
          "bold": false,
          "italic": false,
          "smoothed": true,
          "underlined": false,
          "string": "BUTTON",
          "font": "CantoraOne-Regular.ttf",
          "textAlignment": "center",
          "characterSize": 40,
          "color": {
            "b": 255,
            "g": 255,
            "r": 255
          }
        },
        "Pressed": {
          "bottomMargin": 16,
          "height": 69,
          "leftMargin": 16,
          "rightMargin": 16,
          "texture": "Green Button With Shadow_Pressed.png",
          "tiled": true,
          "topMargin": 16,
          "width": 192
        }
      }
    },
    {
      "assetStoreId": "0364dbe0c9a504055bcfd65a3e898b58b0cb0aea76c15cc0b9961815b88ba4e6",
      "name": "GreenButtonWithStoneFrame",
      "tags": "",
      "type": "PanelSpriteButton::PanelSpriteButton",
      "variables": [],
      "effects": [],
      "behaviors": [
        {
          "name": "ButtonFSM",
          "type": "ButtonStates::ButtonFSM",
          "ShouldCheckHovering": true,
          "State": "Idle",
          "TouchId": 0,
          "TouchIsInside": false,
          "MouseIsInside": false,
          "Index": 0
        }
      ],
      "content": {
        "LeftPadding": 0,
        "RightPadding": 0,
        "PressedLabelOffsetY": 2,
        "BottomPadding": 0,
        "TopPadding": 0,
        "HoveredFadeOutDuration": 0.2
      },
      "childrenContent": {
        "Hovered": {
          "bottomMargin": 0,
          "height": 102,
          "leftMargin": 0,
          "rightMargin": 0,
          "texture": "Green Button With Stone Frame_Hovered.png",
          "tiled": false,
          "topMargin": 0,
          "width": 348
        },
        "Idle": {
          "bottomMargin": 0,
          "height": 102,
          "leftMargin": 0,
          "rightMargin": 0,
          "texture": "Green Button With Stone Frame_Idle.png",
          "tiled": false,
          "topMargin": 0,
          "width": 348
        },
        "Label": {
          "bold": true,
          "italic": false,
          "smoothed": true,
          "underlined": false,
          "string": "MEMORY",
          "font": "Kenney Mini Square.ttf",
          "textAlignment": "center",
          "characterSize": 40,
          "color": {
            "b": 255,
            "g": 255,
            "r": 255
          }
        },
        "Pressed": {
          "bottomMargin": 0,
          "height": 102,
          "leftMargin": 0,
          "rightMargin": 0,
          "texture": "Green Button With Stone Frame_Pressed.png",
          "tiled": false,
          "topMargin": 0,
          "width": 348
        }
      }
    },
    {
      "assetStoreId": "9cf9ca8be6e98fc23e76b6770d3f4d094dea09f30a49f38ef9a9d2e97c2460be",
      "name": "GreyButtonWithShadow",
      "tags": "",
      "type": "PanelSpriteButton::PanelSpriteButton",
      "variables": [],
      "effects": [],
      "behaviors": [],
      "content": {
        "LeftPadding": 16,
        "RightPadding": 16,
        "PressedLabelOffsetY": 3,
        "BottomPadding": 32,
        "TopPadding": 32,
        "HoveredFadeOutDuration": 0.25
      },
      "childrenContent": {
        "Hovered": {
          "bottomMargin": 16,
          "height": 69,
          "leftMargin": 16,
          "rightMargin": 16,
          "texture": "Grey Button With Shadow_Hovered.png",
          "tiled": true,
          "topMargin": 16,
          "width": 192
        },
        "Idle": {
          "bottomMargin": 16,
          "height": 69,
          "leftMargin": 16,
          "rightMargin": 16,
          "texture": "Grey Button With Shadow_Idle.png",
          "tiled": true,
          "topMargin": 16,
          "width": 192
        },
        "Label": {
          "bold": false,
          "italic": false,
          "smoothed": true,
          "underlined": false,
          "string": "BUTTON",
          "font": "CantoraOne-Regular.ttf",
          "textAlignment": "center",
          "characterSize": 40,
          "color": {
            "b": 255,
            "g": 255,
            "r": 255
          }
        },
        "Pressed": {
          "bottomMargin": 16,
          "height": 69,
          "leftMargin": 16,
          "rightMargin": 16,
          "texture": "Grey Button With Shadow_Pressed.png",
          "tiled": true,
          "topMargin": 16,
          "width": 192
        }
      }
    },
    {
      "assetStoreId": "1cacfe2713f10642e8079542f28282d52f1bf46ae2dc27dc6c291a2970c90971",
      "name": "MedievalButtonBeige",
      "tags": "",
      "type": "PanelSpriteButton::PanelSpriteButton",
      "variables": [],
      "effects": [],
      "behaviors": [],
      "content": {
        "LeftPadding": 0,
        "RightPadding": 0,
        "PressedLabelOffsetY": 4,
        "BottomPadding": 10,
        "TopPadding": 0,
        "HoveredFadeOutDuration": 0.2
      },
      "childrenContent": {
        "Hovered": {
          "bottomMargin": 11,
          "height": 64,
          "leftMargin": 7,
          "rightMargin": 7,
          "texture": "Medieval Button Beige_Hovered.png",
          "tiled": true,
          "topMargin": 7,
          "width": 192
        },
        "Idle": {
          "bottomMargin": 11,
          "height": 64,
          "leftMargin": 7,
          "rightMargin": 7,
          "texture": "Medieval Button Beige_Idle.png",
          "tiled": true,
          "topMargin": 7,
          "width": 192
        },
        "Label": {
          "bold": false,
          "italic": false,
          "smoothed": true,
          "underlined": false,
          "string": "Button",
          "font": "CaesarDressing-Regular.ttf",
          "textAlignment": "center",
          "characterSize": 40,
          "color": {
            "b": 64,
            "g": 99,
            "r": 133
          }
        },
        "Pressed": {
          "bottomMargin": 7,
          "height": 64,
          "leftMargin": 7,
          "rightMargin": 7,
          "texture": "Medieval Button Beige_Pressed.png",
          "tiled": true,
          "topMargin": 11,
          "width": 192
        }
      }
    },
    {
      "assetStoreId": "bfab3a269992cf43081e2cb8053c28aaef11f2f9e0d0cbdc00207ea271f69c2c",
      "name": "GreyButton",
      "tags": "",
      "type": "PanelSpriteButton::PanelSpriteButton",
      "variables": [],
      "effects": [],
      "behaviors": [],
      "content": {
        "LeftPadding": 16,
        "RightPadding": 16,
        "PressedLabelOffsetY": 10,
        "BottomPadding": 32,
        "TopPadding": 16,
        "HoveredFadeOutDuration": 0.25
      },
      "childrenContent": {
        "Hovered": {
          "bottomMargin": 32,
          "height": 106,
          "leftMargin": 16,
          "rightMargin": 16,
          "texture": "Grey Button_Hovered.png",
          "tiled": true,
          "topMargin": 16,
          "width": 256
        },
        "Idle": {
          "bottomMargin": 32,
          "height": 106,
          "leftMargin": 16,
          "rightMargin": 16,
          "texture": "Grey Button_Idle.png",
          "tiled": true,
          "topMargin": 16,
          "width": 256
        },
        "Label": {
          "bold": false,
          "italic": false,
          "smoothed": true,
          "underlined": false,
          "string": "Button",
          "font": "",
          "textAlignment": "center",
          "characterSize": 60,
          "color": {
            "b": 79,
            "g": 72,
            "r": 72
          }
        },
        "Pressed": {
          "bottomMargin": 16,
          "height": 106,
          "leftMargin": 16,
          "rightMargin": 16,
          "texture": "Grey Button_Pressed.png",
          "tiled": true,
          "topMargin": 32,
          "width": 256
        }
      }
    },
    {
      "assetStoreId": "b44dba91245ff1ac84a7b450e078194f19321d135fd8a67cd19bc9cb3403fba5",
      "name": "GreenButton",
      "tags": "",
      "type": "PanelSpriteButton::PanelSpriteButton",
      "variables": [],
      "effects": [],
      "behaviors": [],
      "content": {
        "LeftPadding": 16,
        "RightPadding": 16,
        "PressedLabelOffsetY": 10,
        "BottomPadding": 32,
        "TopPadding": 16,
        "HoveredFadeOutDuration": 0.25
      },
      "childrenContent": {
        "Hovered": {
          "bottomMargin": 32,
          "height": 106,
          "leftMargin": 16,
          "rightMargin": 16,
          "texture": "Green Button_Hovered.png",
          "tiled": true,
          "topMargin": 16,
          "width": 256
        },
        "Idle": {
          "bottomMargin": 32,
          "height": 106,
          "leftMargin": 16,
          "rightMargin": 16,
          "texture": "Green Button_Idle.png",
          "tiled": true,
          "topMargin": 16,
          "width": 256
        },
        "Label": {
          "bold": false,
          "italic": false,
          "smoothed": true,
          "underlined": false,
          "string": "Button",
          "font": "",
          "textAlignment": "center",
          "characterSize": 60,
          "color": {
            "b": 29,
            "g": 99,
            "r": 62
          }
        },
        "Pressed": {
          "bottomMargin": 16,
          "height": 106,
          "leftMargin": 16,
          "rightMargin": 16,
          "texture": "Green Button_Pressed.png",
          "tiled": true,
          "topMargin": 32,
          "width": 256
        }
      }
    },
    {
      "assetStoreId": "82b8caa7b55342f43b24f169b4374e9224e1a78c05a87f8689663e7c4a6bad69",
      "name": "MedievalButtonBrown",
      "tags": "",
      "type": "PanelSpriteButton::PanelSpriteButton",
      "variables": [],
      "effects": [],
      "behaviors": [],
      "content": {
        "LeftPadding": 0,
        "RightPadding": 0,
        "PressedLabelOffsetY": 4,
        "BottomPadding": 10,
        "TopPadding": 0,
        "HoveredFadeOutDuration": 0.2
      },
      "childrenContent": {
        "Hovered": {
          "bottomMargin": 11,
          "height": 64,
          "leftMargin": 7,
          "rightMargin": 7,
          "texture": "Medieval Button Brown_Hovered.png",
          "tiled": true,
          "topMargin": 7,
          "width": 192
        },
        "Idle": {
          "bottomMargin": 11,
          "height": 64,
          "leftMargin": 7,
          "rightMargin": 7,
          "texture": "Medieval Button Brown_Idle.png",
          "tiled": true,
          "topMargin": 7,
          "width": 192
        },
        "Label": {
          "bold": false,
          "italic": false,
          "smoothed": true,
          "underlined": false,
          "string": "Button",
          "font": "CaveatBrush-Regular.ttf",
          "textAlignment": "center",
          "characterSize": 40,
          "color": {
            "b": 159,
            "g": 190,
            "r": 219
          }
        },
        "Pressed": {
          "bottomMargin": 7,
          "height": 64,
          "leftMargin": 7,
          "rightMargin": 7,
          "texture": "Medieval Button Brown_Pressed.png",
          "tiled": true,
          "topMargin": 11,
          "width": 192
        }
      }
    },
    {
      "assetStoreId": "a48315b9a9c655af87118d7bb8f6be03b4dbb14e066387849b2d2d4c3600573c",
      "name": "PurpleButtonWithShadow",
      "tags": "",
      "type": "PanelSpriteButton::PanelSpriteButton",
      "variables": [],
      "effects": [],
      "behaviors": [],
      "content": {
        "LeftPadding": 16,
        "RightPadding": 16,
        "PressedLabelOffsetY": 3,
        "BottomPadding": 32,
        "TopPadding": 32,
        "HoveredFadeOutDuration": 0.25
      },
      "childrenContent": {
        "Hovered": {
          "bottomMargin": 16,
          "height": 69,
          "leftMargin": 16,
          "rightMargin": 16,
          "texture": "Purple Button With Shadow_Hovered.png",
          "tiled": true,
          "topMargin": 16,
          "width": 192
        },
        "Idle": {
          "bottomMargin": 16,
          "height": 69,
          "leftMargin": 16,
          "rightMargin": 16,
          "texture": "Purple Button With Shadow_Idle.png",
          "tiled": true,
          "topMargin": 16,
          "width": 192
        },
        "Label": {
          "bold": false,
          "italic": false,
          "smoothed": true,
          "underlined": false,
          "string": "BUTTON",
          "font": "CantoraOne-Regular.ttf",
          "textAlignment": "center",
          "characterSize": 40,
          "color": {
            "b": 255,
            "g": 255,
            "r": 255
          }
        },
        "Pressed": {
          "bottomMargin": 16,
          "height": 69,
          "leftMargin": 16,
          "rightMargin": 16,
          "texture": "Purple Button With Shadow_Pressed.png",
          "tiled": true,
          "topMargin": 16,
          "width": 192
        }
      }
    },
    {
      "assetStoreId": "a0b220a4d2b5cc644055848ff63b0f56c2685517bf870112832c9ab4b65aaa2f",
      "name": "OrangeButtonWithStoneFrame",
      "tags": "",
      "type": "PanelSpriteButton::PanelSpriteButton",
      "variables": [],
      "effects": [],
      "behaviors": [],
      "content": {
        "LeftPadding": 0,
        "RightPadding": 0,
        "PressedLabelOffsetY": 2,
        "BottomPadding": 0,
        "TopPadding": 0,
        "HoveredFadeOutDuration": 0.2
      },
      "childrenContent": {
        "Hovered": {
          "bottomMargin": 0,
          "height": 102,
          "leftMargin": 0,
          "rightMargin": 0,
          "texture": "Orange Button With Stone Frame_Hovered.png",
          "tiled": false,
          "topMargin": 0,
          "width": 348
        },
        "Idle": {
          "bottomMargin": 0,
          "height": 102,
          "leftMargin": 0,
          "rightMargin": 0,
          "texture": "Orange Button With Stone Frame_Idle.png",
          "tiled": false,
          "topMargin": 0,
          "width": 348
        },
        "Label": {
          "bold": true,
          "italic": false,
          "smoothed": true,
          "underlined": false,
          "string": "EMOTIONAL REGULATION",
          "font": "Kenney Mini Square.ttf",
          "textAlignment": "center",
          "characterSize": 30,
          "color": {
            "b": 255,
            "g": 255,
            "r": 255
          }
        },
        "Pressed": {
          "bottomMargin": 0,
          "height": 102,
          "leftMargin": 0,
          "rightMargin": 0,
          "texture": "Orange Button With Stone Frame_Pressed.png",
          "tiled": false,
          "topMargin": 0,
          "width": 348
        }
      }
    },
    {
      "assetStoreId": "26f7912e497fefccd32817a0c24533c9304633b47c6e556065dc498219877e81",
      "name": "OnScreenControlsButton",
      "tags": "",
      "type": "PanelSpriteButton::PanelSpriteButton",
      "variables": [],
      "effects": [],
      "behaviors": [],
      "content": {
        "LeftPadding": 0,
        "RightPadding": 0,
        "PressedLabelOffsetY": 1,
        "BottomPadding": 0,
        "TopPadding": 0,
        "HoveredFadeOutDuration": 0.2
      },
      "childrenContent": {
        "Hovered": {
          "bottomMargin": 6,
          "height": 64,
          "leftMargin": 6,
          "rightMargin": 6,
          "texture": "On Screen Controls Button_Hovered.png",
          "tiled": false,
          "topMargin": 6,
          "width": 192
        },
        "Idle": {
          "bottomMargin": 6,
          "height": 64,
          "leftMargin": 6,
          "rightMargin": 6,
          "texture": "On Screen Controls Button_Idle.png",
          "tiled": false,
          "topMargin": 6,
          "width": 192
        },
        "Label": {
          "bold": false,
          "italic": false,
          "smoothed": true,
          "underlined": false,
          "string": "Button",
          "font": "Roboto-Bold.ttf",
          "textAlignment": "center",
          "characterSize": 40,
          "color": {
            "b": 255,
            "g": 255,
            "r": 255
          }
        },
        "Pressed": {
          "bottomMargin": 6,
          "height": 64,
          "leftMargin": 6,
          "rightMargin": 6,
          "texture": "On Screen Controls Button_Pressed.png",
          "tiled": false,
          "topMargin": 6,
          "width": 192
        }
      }
    },
    {
      "assetStoreId": "3699f3a9dbcacb430dfb90834c239c60a0324b631635c6658396cd524c7adb0a",
      "name": "PurpleButtonWithStoneFrame",
      "tags": "",
      "type": "PanelSpriteButton::PanelSpriteButton",
      "variables": [],
      "effects": [],
      "behaviors": [],
      "content": {
        "LeftPadding": 0,
        "RightPadding": 0,
        "PressedLabelOffsetY": 2,
        "BottomPadding": 0,
        "TopPadding": 0,
        "HoveredFadeOutDuration": 0.2
      },
      "childrenContent": {
        "Hovered": {
          "bottomMargin": 0,
          "height": 102,
          "leftMargin": 0,
          "rightMargin": 0,
          "texture": "Purple Button With Stone Frame_Hovered.png",
          "tiled": false,
          "topMargin": 0,
          "width": 348
        },
        "Idle": {
          "bottomMargin": 0,
          "height": 102,
          "leftMargin": 0,
          "rightMargin": 0,
          "texture": "Purple Button With Stone Frame_Idle.png",
          "tiled": false,
          "topMargin": 0,
          "width": 348
        },
        "Label": {
          "bold": true,
          "italic": false,
          "smoothed": true,
          "underlined": false,
          "string": "ATTENTION",
          "font": "Kenney Mini Square.ttf",
          "textAlignment": "center",
          "characterSize": 40,
          "color": {
            "b": 255,
            "g": 255,
            "r": 255
          }
        },
        "Pressed": {
          "bottomMargin": 0,
          "height": 102,
          "leftMargin": 0,
          "rightMargin": 0,
          "texture": "Purple Button With Stone Frame_Pressed.png",
          "tiled": false,
          "topMargin": 0,
          "width": 348
        }
      }
    },
    {
      "assetStoreId": "1d520e09dda1f2a1eae840a3133286acfff11151176c0eb2718d9f6a186d13c3",
      "name": "RedButtonWithGoldFrame",
      "tags": "",
      "type": "PanelSpriteButton::PanelSpriteButton",
      "variables": [],
      "effects": [],
      "behaviors": [],
      "content": {
        "LeftPadding": 0,
        "RightPadding": 0,
        "PressedLabelOffsetY": 2,
        "BottomPadding": 0,
        "TopPadding": 0,
        "HoveredFadeOutDuration": 0.2
      },
      "childrenContent": {
        "Hovered": {
          "bottomMargin": 0,
          "height": 64,
          "leftMargin": 0,
          "rightMargin": 0,
          "texture": "Red Button With Gold Frame_Hovered.png",
          "tiled": false,
          "topMargin": 0,
          "width": 288
        },
        "Idle": {
          "bottomMargin": 0,
          "height": 64,
          "leftMargin": 0,
          "rightMargin": 0,
          "texture": "Red Button With Gold Frame_Idle.png",
          "tiled": false,
          "topMargin": 0,
          "width": 288
        },
        "Label": {
          "bold": false,
          "italic": false,
          "smoothed": true,
          "underlined": false,
          "string": "Button",
          "font": "Roboto-Regular.ttf",
          "textAlignment": "center",
          "characterSize": 40,
          "color": {
            "b": 255,
            "g": 255,
            "r": 255
          }
        },
        "Pressed": {
          "bottomMargin": 0,
          "height": 64,
          "leftMargin": 0,
          "rightMargin": 0,
          "texture": "Red Button With Gold Frame_Pressed.png",
          "tiled": false,
          "topMargin": 0,
          "width": 288
        }
      }
    },
    {
      "assetStoreId": "e80b6352d9f27049db858db6a22ad1351febb242a738de07155a6ac8301ea5c5",
      "name": "RedButtonWithMetalFrame",
      "tags": "",
      "type": "PanelSpriteButton::PanelSpriteButton",
      "variables": [],
      "effects": [],
      "behaviors": [],
      "content": {
        "LeftPadding": 0,
        "RightPadding": 0,
        "PressedLabelOffsetY": 2,
        "BottomPadding": 0,
        "TopPadding": 0,
        "HoveredFadeOutDuration": 0.2
      },
      "childrenContent": {
        "Hovered": {
          "bottomMargin": 0,
          "height": 54,
          "leftMargin": 0,
          "rightMargin": 0,
          "texture": "Red Button With Metal Frame_Hovered.png",
          "tiled": false,
          "topMargin": 0,
          "width": 998
        },
        "Idle": {
          "bottomMargin": 0,
          "height": 54,
          "leftMargin": 0,
          "rightMargin": 0,
          "texture": "Red Button With Metal Frame_Idle.png",
          "tiled": false,
          "topMargin": 0,
          "width": 998
        },
        "Label": {
          "bold": true,
          "italic": true,
          "smoothed": true,
          "underlined": false,
          "string": "Button",
          "font": "Charm-Regular.ttf",
          "textAlignment": "center",
          "characterSize": 40,
          "color": {
            "b": 255,
            "g": 255,
            "r": 255
          }
        },
        "Pressed": {
          "bottomMargin": 0,
          "height": 54,
          "leftMargin": 0,
          "rightMargin": 0,
          "texture": "Red Button With Metal Frame_Pressed.png",
          "tiled": false,
          "topMargin": 0,
          "width": 998
        }
      }
    },
    {
      "assetStoreId": "b6e192c68f93de7846e94964878d4edf7b8071a1e295788658c044e70aff7543",
      "name": "RedButtonWithStoneFrame",
      "tags": "",
      "type": "PanelSpriteButton::PanelSpriteButton",
      "variables": [],
      "effects": [],
      "behaviors": [],
      "content": {
        "LeftPadding": 0,
        "RightPadding": 0,
        "PressedLabelOffsetY": 2,
        "BottomPadding": 0,
        "TopPadding": 0,
        "HoveredFadeOutDuration": 0.2
      },
      "childrenContent": {
        "Hovered": {
          "bottomMargin": 0,
          "height": 102,
          "leftMargin": 0,
          "rightMargin": 0,
          "texture": "Red Button With Stone Frame_Hovered.png",
          "tiled": false,
          "topMargin": 0,
          "width": 348
        },
        "Idle": {
          "bottomMargin": 0,
          "height": 102,
          "leftMargin": 0,
          "rightMargin": 0,
          "texture": "Red Button With Stone Frame_Idle.png",
          "tiled": false,
          "topMargin": 0,
          "width": 348
        },
        "Label": {
          "bold": true,
          "italic": false,
          "smoothed": true,
          "underlined": false,
          "string": "FOCUS",
          "font": "Kenney Mini Square.ttf",
          "textAlignment": "center",
          "characterSize": 40,
          "color": {
            "b": 255,
            "g": 255,
            "r": 255
          }
        },
        "Pressed": {
          "bottomMargin": 0,
          "height": 102,
          "leftMargin": 0,
          "rightMargin": 0,
          "texture": "Red Button With Stone Frame_Pressed.png",
          "tiled": false,
          "topMargin": 0,
          "width": 348
        }
      }
    },
    {
      "assetStoreId": "54a9a34bb495b15fe0e00f71075908e1ce52d499723617c966ad527229c77c79",
      "name": "TransparentButtonWithWhiteYellowBorder",
      "tags": "",
      "type": "PanelSpriteButton::PanelSpriteButton",
      "variables": [],
      "effects": [],
      "behaviors": [],
      "content": {
        "LeftPadding": 0,
        "RightPadding": 0,
        "PressedLabelOffsetY": 4,
        "BottomPadding": 0,
        "TopPadding": 0,
        "HoveredFadeOutDuration": 0
      },
      "childrenContent": {
        "Hovered": {
          "bottomMargin": 10,
          "height": 64,
          "leftMargin": 6,
          "rightMargin": 6,
          "texture": "Transparent Button With White Yellow Border_Hovered.png",
          "tiled": false,
          "topMargin": 10,
          "width": 192
        },
        "Idle": {
          "bottomMargin": 10,
          "height": 64,
          "leftMargin": 6,
          "rightMargin": 6,
          "texture": "Transparent Button With White Yellow Border_Idle.png",
          "tiled": false,
          "topMargin": 10,
          "width": 192
        },
        "Label": {
          "bold": false,
          "italic": false,
          "smoothed": true,
          "underlined": false,
          "string": "Button",
          "font": "Charm-Regular.ttf",
          "textAlignment": "center",
          "characterSize": 50,
          "color": {
            "b": 255,
            "g": 255,
            "r": 255
          }
        },
        "Pressed": {
          "bottomMargin": 10,
          "height": 64,
          "leftMargin": 6,
          "rightMargin": 6,
          "texture": "Transparent Button With White Yellow Border_Pressed.png",
          "tiled": false,
          "topMargin": 10,
          "width": 192
        }
      }
    },
    {
      "assetStoreId": "d907b5df38595e6d3f128058fbb3dbd0861f86505cc6d7bf9859ddcc3eceeb1f",
      "name": "WhiteDecoratedButton",
      "tags": "",
      "type": "PanelSpriteButton::PanelSpriteButton",
      "variables": [],
      "effects": [],
      "behaviors": [],
      "content": {
        "LeftPadding": 16,
        "RightPadding": 16,
        "PressedLabelOffsetY": 6,
        "BottomPadding": 24,
        "TopPadding": 20,
        "HoveredFadeOutDuration": 0.25
      },
      "childrenContent": {
        "Hovered": {
          "bottomMargin": 22,
          "height": 64,
          "leftMargin": 16,
          "rightMargin": 16,
          "texture": "White Decorated Button_Hovered.png",
          "tiled": true,
          "topMargin": 16,
          "width": 192
        },
        "Idle": {
          "bottomMargin": 22,
          "height": 64,
          "leftMargin": 16,
          "rightMargin": 16,
          "texture": "White Decorated Button_Idle.png",
          "tiled": true,
          "topMargin": 16,
          "width": 192
        },
        "Label": {
          "bold": false,
          "italic": false,
          "smoothed": true,
          "underlined": false,
          "string": "Button",
          "font": "ArchitectsDaughter.ttf",
          "textAlignment": "center",
          "characterSize": 16,
          "color": {
            "b": 0,
            "g": 0,
            "r": 0
          }
        },
        "Pressed": {
          "bottomMargin": 16,
          "height": 64,
          "leftMargin": 16,
          "rightMargin": 16,
          "texture": "White Decorated Button_Pressed.png",
          "tiled": true,
          "topMargin": 22,
          "width": 192
        }
      }
    },
    {
      "assetStoreId": "f23eb31ad33dd63f1937c8745105316ca530c28513c64b68a665975503c852a6",
      "name": "WhiteSquareDecoratedButton",
      "tags": "",
      "type": "PanelSpriteButton::PanelSpriteButton",
      "variables": [],
      "effects": [],
      "behaviors": [],
      "content": {
        "LeftPadding": 16,
        "RightPadding": 16,
        "PressedLabelOffsetY": 6,
        "BottomPadding": 24,
        "TopPadding": 20,
        "HoveredFadeOutDuration": 0.25
      },
      "childrenContent": {
        "Hovered": {
          "bottomMargin": 22,
          "height": 64,
          "leftMargin": 16,
          "rightMargin": 16,
          "texture": "White Square Decorated Button_Hovered.png",
          "tiled": true,
          "topMargin": 16,
          "width": 192
        },
        "Idle": {
          "bottomMargin": 22,
          "height": 64,
          "leftMargin": 16,
          "rightMargin": 16,
          "texture": "White Square Decorated Button_Idle.png",
          "tiled": true,
          "topMargin": 16,
          "width": 192
        },
        "Label": {
          "bold": false,
          "italic": false,
          "smoothed": true,
          "underlined": false,
          "string": "Button",
          "font": "mononoki-Regular.ttf",
          "textAlignment": "center",
          "characterSize": 20,
          "color": {
            "b": 0,
            "g": 0,
            "r": 0
          }
        },
        "Pressed": {
          "bottomMargin": 16,
          "height": 64,
          "leftMargin": 16,
          "rightMargin": 16,
          "texture": "White Square Decorated Button_Pressed.png",
          "tiled": true,
          "topMargin": 22,
          "width": 192
        }
      }
    },
    {
      "assetStoreId": "615de0316452630b9f4f6a39decc82e2449b82c1afd1ff24d6470dad2922177b",
      "name": "YellowButton",
      "tags": "",
      "type": "PanelSpriteButton::PanelSpriteButton",
      "variables": [],
      "effects": [],
      "behaviors": [],
      "content": {
        "LeftPadding": 16,
        "RightPadding": 16,
        "PressedLabelOffsetY": 10,
        "BottomPadding": 32,
        "TopPadding": 16,
        "HoveredFadeOutDuration": 0.25
      },
      "childrenContent": {
        "Hovered": {
          "bottomMargin": 32,
          "height": 106,
          "leftMargin": 16,
          "rightMargin": 16,
          "texture": "Yellow Button_Hovered.png",
          "tiled": true,
          "topMargin": 16,
          "width": 256
        },
        "Idle": {
          "bottomMargin": 32,
          "height": 106,
          "leftMargin": 16,
          "rightMargin": 16,
          "texture": "Yellow Button_Idle.png",
          "tiled": true,
          "topMargin": 16,
          "width": 256
        },
        "Label": {
          "bold": false,
          "italic": false,
          "smoothed": true,
          "underlined": false,
          "string": "Button",
          "font": "",
          "textAlignment": "center",
          "characterSize": 60,
          "color": {
            "b": 42,
            "g": 87,
            "r": 139
          }
        },
        "Pressed": {
          "bottomMargin": 16,
          "height": 106,
          "leftMargin": 16,
          "rightMargin": 16,
          "texture": "Yellow Button_Pressed.png",
          "tiled": true,
          "topMargin": 32,
          "width": 256
        }
      }
    },
    {
      "assetStoreId": "5faf2b0415c271fa6e747283ed36297a95f04d2b6c477a7b011775fa6fb444ee",
      "name": "RedButtonWithShadow",
      "tags": "",
      "type": "PanelSpriteButton::PanelSpriteButton",
      "variables": [],
      "effects": [],
      "behaviors": [],
      "content": {
        "LeftPadding": 16,
        "RightPadding": 16,
        "PressedLabelOffsetY": 3,
        "BottomPadding": 32,
        "TopPadding": 32,
        "HoveredFadeOutDuration": 0.25
      },
      "childrenContent": {
        "Hovered": {
          "bottomMargin": 16,
          "height": 69,
          "leftMargin": 16,
          "rightMargin": 16,
          "texture": "Red Button With Shadow_Hovered.png",
          "tiled": true,
          "topMargin": 16,
          "width": 192
        },
        "Idle": {
          "bottomMargin": 16,
          "height": 69,
          "leftMargin": 16,
          "rightMargin": 16,
          "texture": "Red Button With Shadow_Idle.png",
          "tiled": true,
          "topMargin": 16,
          "width": 192
        },
        "Label": {
          "bold": false,
          "italic": false,
          "smoothed": true,
          "underlined": false,
          "string": "BUTTON",
          "font": "CantoraOne-Regular.ttf",
          "textAlignment": "center",
          "characterSize": 40,
          "color": {
            "b": 255,
            "g": 255,
            "r": 255
          }
        },
        "Pressed": {
          "bottomMargin": 16,
          "height": 69,
          "leftMargin": 16,
          "rightMargin": 16,
          "texture": "Red Button With Shadow_Pressed.png",
          "tiled": true,
          "topMargin": 16,
          "width": 192
        }
      }
    },
    {
      "assetStoreId": "f0c3d7ae6099e3b9b8beed4e30b555107550b4fb2a5879e984a014b1e06865bf",
      "name": "TransparentButtonWithWhiteBlueBorder",
      "tags": "",
      "type": "PanelSpriteButton::PanelSpriteButton",
      "variables": [],
      "effects": [],
      "behaviors": [],
      "content": {
        "LeftPadding": 0,
        "RightPadding": 0,
        "PressedLabelOffsetY": 4,
        "BottomPadding": 6,
        "TopPadding": 0,
        "HoveredFadeOutDuration": 0
      },
      "childrenContent": {
        "Hovered": {
          "bottomMargin": 10,
          "height": 64,
          "leftMargin": 6,
          "rightMargin": 6,
          "texture": "Transparent Button With White Blue Border_Hovered.png",
          "tiled": false,
          "topMargin": 10,
          "width": 192
        },
        "Idle": {
          "bottomMargin": 10,
          "height": 64,
          "leftMargin": 6,
          "rightMargin": 6,
          "texture": "Transparent Button With White Blue Border_Idle.png",
          "tiled": false,
          "topMargin": 10,
          "width": 192
        },
        "Label": {
          "bold": false,
          "italic": false,
          "smoothed": true,
          "underlined": false,
          "string": "Button",
          "font": "Kenney Mini Square.ttf",
          "textAlignment": "center",
          "characterSize": 45,
          "color": {
            "b": 255,
            "g": 255,
            "r": 255
          }
        },
        "Pressed": {
          "bottomMargin": 10,
          "height": 64,
          "leftMargin": 6,
          "rightMargin": 6,
          "texture": "Transparent Button With White Blue Border_Pressed.png",
          "tiled": false,
          "topMargin": 10,
          "width": 192
        }
      }
    },
    {
      "assetStoreId": "0d3f4843e5ebb7af30fd80adf19a1c5a14164c1283f344991dc2aa14067a1262",
      "name": "RedButton",
      "tags": "",
      "type": "PanelSpriteButton::PanelSpriteButton",
      "variables": [],
      "effects": [],
      "behaviors": [],
      "content": {
        "LeftPadding": 16,
        "RightPadding": 16,
        "PressedLabelOffsetY": 10,
        "BottomPadding": 32,
        "TopPadding": 16,
        "HoveredFadeOutDuration": 0.25
      },
      "childrenContent": {
        "Hovered": {
          "bottomMargin": 32,
          "height": 106,
          "leftMargin": 16,
          "rightMargin": 16,
          "texture": "Red Button_Hovered.png",
          "tiled": true,
          "topMargin": 16,
          "width": 256
        },
        "Idle": {
          "bottomMargin": 32,
          "height": 106,
          "leftMargin": 16,
          "rightMargin": 16,
          "texture": "Red Button_Idle.png",
          "tiled": true,
          "topMargin": 16,
          "width": 256
        },
        "Label": {
          "bold": false,
          "italic": false,
          "smoothed": true,
          "underlined": false,
          "string": "Button",
          "font": "",
          "textAlignment": "center",
          "characterSize": 60,
          "color": {
            "b": 16,
            "g": 38,
            "r": 111
          }
        },
        "Pressed": {
          "bottomMargin": 16,
          "height": 106,
          "leftMargin": 16,
          "rightMargin": 16,
          "texture": "Red Button_Pressed.png",
          "tiled": true,
          "topMargin": 32,
          "width": 256
        }
      }
    },
    {
      "assetStoreId": "a159cdab4b77cf2662b83cd60866bda0699f50cf0df3211f0f8457eff636ad4b",
      "name": "MeteorRed",
      "tags": "",
      "type": "Sprite",
      "updateIfNotVisible": false,
      "variables": [],
      "effects": [
        {
          "effectType": "Glow",
          "name": "Effect",
          "doubleParameters": {
            "distance": 15,
            "innerStrength": 1,
            "outerStrength": 2
          },
          "stringParameters": {
            "color": "129;233;16"
          },
          "booleanParameters": {}
        }
      ],
      "behaviors": [
        {
          "name": "Bounce",
          "type": "Bounce::Bounce",
          "OldX": 0,
          "OldY": 0,
          "OldForceAngle": 0,
          "OldForceLength": 0,
          "NormalAngle": 0,
          "BounceCount": 0
        }
      ],
      "animations": [
        {
          "name": "Large",
          "useMultipleDirections": false,
          "directions": [
            {
              "looping": true,
              "timeBetweenFrames": 0.025,
              "sprites": [
                {
                  "hasCustomCollisionMask": false,
                  "image": "Meteor Red_Large.png",
                  "points": [],
                  "originPoint": {
                    "name": "origine",
                    "x": 0,
                    "y": 0
                  },
                  "centerPoint": {
                    "automatic": true,
                    "name": "centre",
                    "x": 0,
                    "y": 0
                  },
                  "customCollisionMask": []
                }
              ]
            }
          ]
        }
      ]
    },
    {
      "assetStoreId": "36922c21aefba99be12cb6bb0163bbc1abaa31f43080a54f486f5215493353e9",
      "name": "Background4",
      "tags": "",
      "type": "Sprite",
      "updateIfNotVisible": false,
      "variables": [],
      "effects": [],
      "behaviors": [],
      "animations": [
        {
          "name": "",
          "useMultipleDirections": false,
          "directions": [
            {
              "looping": true,
              "timeBetweenFrames": 0.025,
              "sprites": [
                {
                  "hasCustomCollisionMask": false,
                  "image": "Background 4.png",
                  "points": [],
                  "originPoint": {
                    "name": "origine",
                    "x": 0,
                    "y": 0
                  },
                  "centerPoint": {
                    "automatic": true,
                    "name": "centre",
                    "x": 0,
                    "y": 0
                  },
                  "customCollisionMask": []
                }
              ]
            }
          ]
        }
      ]
    },
    {
      "assetStoreId": "36922c21aefba99be12cb6bb0163bbc1abaa31f43080a54f486f5215493353e9",
      "name": "Background42",
      "tags": "",
      "type": "Sprite",
      "updateIfNotVisible": false,
      "variables": [],
      "effects": [],
      "behaviors": [],
      "animations": [
        {
          "name": "",
          "useMultipleDirections": false,
          "directions": [
            {
              "looping": true,
              "timeBetweenFrames": 0.025,
              "sprites": [
                {
                  "hasCustomCollisionMask": false,
                  "image": "Background 4.png",
                  "points": [],
                  "originPoint": {
                    "name": "origine",
                    "x": 0,
                    "y": 0
                  },
                  "centerPoint": {
                    "automatic": true,
                    "name": "centre",
                    "x": 0,
                    "y": 0
                  },
                  "customCollisionMask": []
                }
              ]
            }
          ]
        }
      ]
    },
    {
      "assetStoreId": "",
      "name": "NewSprite",
      "tags": "",
      "type": "Sprite",
      "updateIfNotVisible": false,
      "variables": [],
      "effects": [],
      "behaviors": [],
      "animations": [
        {
          "name": "",
          "useMultipleDirections": false,
          "directions": [
            {
              "looping": false,
              "timeBetweenFrames": 0.08,
              "sprites": [
                {
                  "hasCustomCollisionMask": false,
                  "image": "backgroundMDW.jpeg",
                  "points": [],
                  "originPoint": {
                    "name": "origine",
                    "x": 0,
                    "y": 0
                  },
                  "centerPoint": {
                    "automatic": true,
                    "name": "centre",
                    "x": 0,
                    "y": 0
                  },
                  "customCollisionMask": []
                }
              ]
            }
          ]
        }
      ]
    },
    {
      "assetStoreId": "dfcf340cb9f3cd4c3df7fc300e9cfda4d3d6a1b54ff7e3e520a601961d347dbd",
      "name": "Message",
      "tags": "",
      "type": "Sprite",
      "updateIfNotVisible": false,
      "variables": [],
      "effects": [],
      "behaviors": [],
      "animations": [
        {
          "name": "Message",
          "useMultipleDirections": false,
          "directions": [
            {
              "looping": true,
              "metadata": "{\"pskl\":{}}",
              "timeBetweenFrames": 0.025,
              "sprites": [
                {
                  "hasCustomCollisionMask": true,
                  "image": "Message",
                  "points": [],
                  "originPoint": {
                    "name": "origine",
                    "x": 0,
                    "y": 0
                  },
                  "centerPoint": {
                    "automatic": true,
                    "name": "centre",
                    "x": 0,
                    "y": 0
                  },
                  "customCollisionMask": [
                    [
                      {
                        "x": 0,
                        "y": 0
                      },
                      {
                        "x": 13,
                        "y": 0
                      },
                      {
                        "x": 13,
                        "y": 12
                      },
                      {
                        "x": 0,
                        "y": 12
                      }
                    ]
                  ]
                }
              ]
            }
          ]
        }
      ]
    },
    {
      "assetStoreId": "",
      "bold": false,
      "italic": false,
      "name": "HelpText",
      "smoothed": true,
      "tags": "",
      "type": "TextObject::Text",
      "underlined": false,
      "variables": [],
      "effects": [],
      "behaviors": [],
      "string": "Choose game that you want to play.  Have Fun!!!",
      "font": "CantoraOne-Regular.ttf",
      "textAlignment": "left",
      "characterSize": 45,
      "color": {
        "b": 0,
        "g": 0,
        "r": 0
      }
    }
  ],
  "events": [
    {
      "type": "BuiltinCommonInstructions::Standard",
      "conditions": [
        {
          "type": {
            "value": "BuiltinCommonInstructions::Always"
          },
          "parameters": [
            ""
          ]
        }
      ],
      "actions": [
        {
          "type": {
            "value": "PlaySound"
          },
          "parameters": [
            "",
            "gamesound.mp3",
            "yes",
            "5",
            ""
          ]
        }
      ]
    },
    {
      "type": "BuiltinCommonInstructions::Standard",
      "conditions": [
        {
          "type": {
            "value": "PanelSpriteButton::PanelSpriteButton::IsPressed"
          },
          "parameters": [
            "PurpleButtonWithStoneFrame",
            "ButtonFSM"
          ]
        }
      ],
      "actions": [
        {
          "type": {
            "value": "Scene"
          },
          "parameters": [
            "",
            "\"Module Attention \"",
            "yes"
          ]
        }
      ]
    },
    {
      "type": "BuiltinCommonInstructions::Standard",
      "conditions": [
        {
          "type": {
            "value": "ButtonStates::ButtonFSM::IsPressed"
          },
          "parameters": [
            "GreenButtonWithStoneFrame",
            "ButtonFSM",
            ""
          ]
        }
      ],
      "actions": [
        {
          "type": {
            "value": "Scene"
          },
          "parameters": [
            "NextScene",
            "\"main page\"",
            ""
          ]
        }
      ]
    },
    {
      "type": "BuiltinCommonInstructions::Standard",
      "conditions": [
        {
          "type": {
            "value": "PanelSpriteButton::PanelSpriteButton::IsPressed"
          },
          "parameters": [
            "RedButtonWithStoneFrame",
            ""
          ]
        }
      ],
      "actions": [
        {
          "type": {
            "value": "Scene"
          },
          "parameters": [
            "",
            "\"Challenge&Relax\"",
            ""
          ]
        }
      ]
    },
    {
      "type": "BuiltinCommonInstructions::Standard",
      "conditions": [],
      "actions": []
    },
    {
      "type": "BuiltinCommonInstructions::Standard",
      "conditions": [
        {
          "type": {
            "value": "PanelSpriteButton::PanelSpriteButton::IsPressed"
          },
          "parameters": [
            "OrangeButtonWithStoneFrame",
            ""
          ]
        }
      ],
      "actions": [
        {
          "type": {
            "value": "Scene"
          },
          "parameters": [
            "",
            "\"Untitled scene\"",
            ""
          ]
        }
      ]
    },
    {
      "type": "BuiltinCommonInstructions::Standard",
      "conditions": [],
      "actions": [
        {
          "type": {
            "value": "Cache"
          },
          "parameters": [
            "Message"
          ]
        },
        {
          "type": {
            "value": "Cache"
          },
          "parameters": [
            "HelpText"
          ]
        }
      ]
    },
    {
      "type": "BuiltinCommonInstructions::Standard",
      "conditions": [
        {
          "type": {
            "value": "SourisSurObjet"
          },
          "parameters": [
            "Help",
            "",
            "",
            ""
          ]
        }
      ],
      "actions": [
        {
          "type": {
            "value": "Montre"
          },
          "parameters": [
            "Message",
            ""
          ]
        },
        {
          "type": {
            "value": "Montre"
          },
          "parameters": [
            "HelpText",
            ""
          ]
        }
      ]
    }
  ],
  "layers": [
    {
      "ambientLightColorB": 0,
      "ambientLightColorG": 8042920,
      "ambientLightColorR": 16,
      "camera3DFarPlaneDistance": 10000,
      "camera3DFieldOfView": 45,
      "camera3DNearPlaneDistance": 0.1,
      "followBaseLayerCamera": false,
      "isLightingLayer": false,
      "isLocked": false,
      "name": "",
      "renderingType": "",
      "visibility": true,
      "cameras": [
        {
          "defaultSize": true,
          "defaultViewport": true,
          "height": 0,
          "viewportBottom": 1,
          "viewportLeft": 0,
          "viewportRight": 1,
          "viewportTop": 0,
          "width": 0
        }
      ],
      "effects": []
    },
    {
      "ambientLightColorB": 200,
      "ambientLightColorG": 200,
      "ambientLightColorR": 200,
      "camera3DFarPlaneDistance": 10000,
      "camera3DFieldOfView": 45,
      "camera3DNearPlaneDistance": 0.1,
      "followBaseLayerCamera": false,
      "isLightingLayer": false,
      "isLocked": false,
      "name": "UI",
      "renderingType": "",
      "visibility": true,
      "cameras": [],
      "effects": []
    }
  ],
  "behaviorsSharedData": [
    {
      "name": "Bounce",
      "type": "Bounce::Bounce"
    },
    {
      "name": "ButtonFSM",
      "type": "ButtonStates::ButtonFSM"
    }
  ]
}