{
  "b": 209,
  "disableInputWhenNotFocused": true,
  "mangledName": "Loading",
  "name": "Loading",
  "r": 209,
  "standardSortMethod": true,
  "stopSoundsOnStartup": true,
  "title": "",
  "v": 209,
  "uiSettings": {
    "grid": false,
    "gridType": "rectangular",
    "gridWidth": 32,
    "gridHeight": 32,
    "gridOffsetX": 0,
    "gridOffsetY": 0,
    "gridColor": 10401023,
    "gridAlpha": 0.8,
    "snap": false,
    "zoomFactor": 0.45076158913272935,
    "windowMask": false
  },
  "objectsGroups": [],
  "variables": [],
  "instances": [
    {
      "angle": 0,
      "customSize": true,
      "depth": 0,
      "height": 628,
      "layer": "",
      "name": "NewVideo",
      "persistentUuid": "31c163ae-0be0-4a33-95ff-7559867da5e2",
      "width": 844,
      "x": -15,
      "y": -16,
      "zOrder": 1,
      "numberProperties": [],
      "stringProperties": [],
      "initialVariables": []
    },
    {
      "angle": 0,
      "customSize": false,
      "height": 0,
      "layer": "",
      "name": "TransparentButtonWithWhiteBlueBorder",
      "persistentUuid": "11aa3e17-10b0-4beb-99d0-705b08401294",
      "width": 0,
      "x": 320,
      "y": 486,
      "zOrder": 2,
      "numberProperties": [],
      "stringProperties": [],
      "initialVariables": []
    }
  ],
  "objects": [
    {
      "assetStoreId": "",
      "name": "NewVideo",
      "tags": "",
      "type": "Video::VideoObject",
      "variables": [],
      "effects": [],
      "behaviors": [],
      "content": {
        "opacity": 255,
        "loop": false,
        "volume": 50,
        "videoResource": "Loading.mp4"
      }
    },
    {
      "assetStoreId": "f0c3d7ae6099e3b9b8beed4e30b555107550b4fb2a5879e984a014b1e06865bf",
      "name": "TransparentButtonWithWhiteBlueBorder",
      "tags": "",
      "type": "PanelSpriteButton::PanelSpriteButton",
      "variables": [],
      "effects": [],
      "behaviors": [],
      "content": {
        "LeftPadding": 0,
        "RightPadding": 0,
        "PressedLabelOffsetY": 4,
        "BottomPadding": 6,
        "TopPadding": 0,
        "HoveredFadeOutDuration": 0
      },
      "childrenContent": {
        "Hovered": {
          "bottomMargin": 10,
          "height": 64,
          "leftMargin": 6,
          "rightMargin": 6,
          "texture": "Transparent Button With White Blue Border_Hovered.png",
          "tiled": false,
          "topMargin": 10,
          "width": 192
        },
        "Idle": {
          "bottomMargin": 10,
          "height": 64,
          "leftMargin": 6,
          "rightMargin": 6,
          "texture": "Transparent Button With White Blue Border_Idle.png",
          "tiled": false,
          "topMargin": 10,
          "width": 192
        },
        "Label": {
          "bold": false,
          "italic": false,
          "smoothed": true,
          "underlined": false,
          "string": "Play",
          "font": "Kenney Mini Square.ttf",
          "textAlignment": "center",
          "characterSize": 45,
          "color": {
            "b": 255,
            "g": 255,
            "r": 255
          }
        },
        "Pressed": {
          "bottomMargin": 10,
          "height": 64,
          "leftMargin": 6,
          "rightMargin": 6,
          "texture": "Transparent Button With White Blue Border_Pressed.png",
          "tiled": false,
          "topMargin": 10,
          "width": 192
        }
      }
    }
  ],
  "events": [
    {
      "type": "BuiltinCommonInstructions::Standard",
      "conditions": [],
      "actions": [
        {
          "type": {
            "value": "Video::Play"
          },
          "parameters": [
            "NewVideo"
          ]
        }
      ],
      "events": [
        {
          "type": "BuiltinCommonInstructions::Standard",
          "conditions": [
            {
              "type": {
                "value": "PanelSpriteButton::PanelSpriteButton::IsPressed"
              },
              "parameters": [
                "TransparentButtonWithWhiteBlueBorder",
                ""
              ]
            }
          ],
          "actions": [
            {
              "type": {
                "value": "Scene"
              },
              "parameters": [
                "",
                "\"Homepage\"",
                ""
              ]
            }
          ]
        }
      ]
    }
  ],
  "layers": [
    {
      "ambientLightColorB": 200,
      "ambientLightColorG": 200,
      "ambientLightColorR": 200,
      "camera3DFarPlaneDistance": 10000,
      "camera3DFieldOfView": 45,
      "camera3DNearPlaneDistance": 0.1,
      "followBaseLayerCamera": false,
      "isLightingLayer": false,
      "isLocked": false,
      "name": "",
      "renderingType": "",
      "visibility": true,
      "cameras": [
        {
          "defaultSize": true,
          "defaultViewport": true,
          "height": 0,
          "viewportBottom": 1,
          "viewportLeft": 0,
          "viewportRight": 1,
          "viewportTop": 0,
          "width": 0
        }
      ],
      "effects": []
    }
  ],
  "behaviorsSharedData": []
}