{
  "b": 209,
  "disableInputWhenNotFocused": true,
  "mangledName": "Module_32Attention_32",
  "name": "Module Attention ",
  "r": 209,
  "standardSortMethod": true,
  "stopSoundsOnStartup": true,
  "title": "",
  "v": 209,
  "uiSettings": {
    "grid": false,
    "gridType": "rectangular",
    "gridWidth": 32,
    "gridHeight": 32,
    "gridOffsetX": 0,
    "gridOffsetY": 0,
    "gridColor": 10401023,
    "gridAlpha": 0.8,
    "snap": false,
    "zoomFactor": 0.8643263199820244,
    "windowMask": false
  },
  "objectsGroups": [],
  "variables": [],
  "instances": [
    {
      "angle": 0,
      "customSize": true,
      "depth": 0,
      "height": 625,
      "layer": "",
      "name": "NewSprite2",
      "persistentUuid": "86589d5a-8f95-45cf-8f6d-781b34eef7ca",
      "width": 817,
      "x": -8,
      "y": -9,
      "zOrder": 1,
      "numberProperties": [],
      "stringProperties": [],
      "initialVariables": []
    },
    {
      "angle": 0,
      "customSize": true,
      "depth": 0,
      "height": 133,
      "layer": "",
      "name": "NewText",
      "persistentUuid": "df6aab07-d4ef-4c10-8b53-222a2e886242",
      "width": 785,
      "x": -1,
      "y": 73,
      "zOrder": 2,
      "numberProperties": [],
      "stringProperties": [],
      "initialVariables": []
    },
    {
      "angle": 0,
      "customSize": true,
      "depth": 0,
      "height": 75,
      "layer": "",
      "name": "StartButton",
      "persistentUuid": "b4632d6a-a74b-4aad-9086-51ddb229f6c8",
      "width": 107,
      "x": 342,
      "y": 428,
      "zOrder": 3,
      "numberProperties": [],
      "stringProperties": [],
      "initialVariables": []
    }
  ],
  "objects": [
    {
      "assetStoreId": "",
      "name": "NewSprite",
      "tags": "",
      "type": "Sprite",
      "updateIfNotVisible": false,
      "variables": [],
      "effects": [],
      "behaviors": [],
      "animations": [
        {
          "name": "",
          "useMultipleDirections": false,
          "directions": [
            {
              "looping": false,
              "timeBetweenFrames": 0.08,
              "sprites": [
                {
                  "hasCustomCollisionMask": false,
                  "image": "backgroundMDW.jpeg",
                  "points": [],
                  "originPoint": {
                    "name": "origine",
                    "x": 0,
                    "y": 0
                  },
                  "centerPoint": {
                    "automatic": true,
                    "name": "centre",
                    "x": 0,
                    "y": 0
                  },
                  "customCollisionMask": []
                }
              ]
            }
          ]
        }
      ]
    },
    {
      "assetStoreId": "749881423b685440ac3400ecffe3680b1485224b519c2a1906ac8cd27c7f2702",
      "name": "GraveyardBackground",
      "tags": "",
      "type": "Sprite",
      "updateIfNotVisible": false,
      "variables": [],
      "effects": [],
      "behaviors": [],
      "animations": [
        {
          "name": "",
          "useMultipleDirections": false,
          "directions": [
            {
              "looping": true,
              "timeBetweenFrames": 0.025,
              "sprites": [
                {
                  "hasCustomCollisionMask": false,
                  "image": "Graveyard Background.png",
                  "points": [],
                  "originPoint": {
                    "name": "origine",
                    "x": 0,
                    "y": 0
                  },
                  "centerPoint": {
                    "automatic": true,
                    "name": "centre",
                    "x": 0,
                    "y": 0
                  },
                  "customCollisionMask": []
                }
              ]
            }
          ]
        }
      ]
    },
    {
      "assetStoreId": "",
      "name": "NewSprite2",
      "tags": "",
      "type": "Sprite",
      "updateIfNotVisible": false,
      "variables": [],
      "effects": [],
      "behaviors": [],
      "animations": [
        {
          "name": "",
          "useMultipleDirections": false,
          "directions": [
            {
              "looping": false,
              "timeBetweenFrames": 0.08,
              "sprites": [
                {
                  "hasCustomCollisionMask": false,
                  "image": "Project\\backatte.png",
                  "points": [],
                  "originPoint": {
                    "name": "origine",
                    "x": 0,
                    "y": 0
                  },
                  "centerPoint": {
                    "automatic": true,
                    "name": "centre",
                    "x": 0,
                    "y": 0
                  },
                  "customCollisionMask": []
                }
              ]
            }
          ]
        }
      ]
    },
    {
      "assetStoreId": "",
      "bold": true,
      "italic": false,
      "name": "NewText",
      "smoothed": true,
      "tags": "",
      "type": "TextObject::Text",
      "underlined": false,
      "variables": [],
      "effects": [
        {
          "effectType": "CRT",
          "name": "Effect",
          "doubleParameters": {
            "animationFrequency": 60,
            "animationSpeed": 1,
            "curvature": 1,
            "lineContrast": 0.25,
            "lineWidth": 1,
            "noise": 0.3,
            "noiseSize": 1,
            "padding": 0,
            "vignetting": 0.3,
            "vignettingAlpha": 1,
            "vignettingBlur": 0.3
          },
          "stringParameters": {},
          "booleanParameters": {
            "verticalLine": false
          }
        }
      ],
      "behaviors": [],
      "string": "MODULE : ATTENTION",
      "font": "Kenney Mini Square.ttf",
      "textAlignment": "center",
      "characterSize": 120,
      "color": {
        "b": 14,
        "g": 236,
        "r": 233
      }
    },
    {
      "assetStoreId": "930894b28cec41dcb309f28a0ee5dd749489f333c3ce0e63adfbf668681fded9",
      "name": "StartButton",
      "tags": "",
      "type": "Sprite",
      "updateIfNotVisible": false,
      "variables": [],
      "effects": [
        {
          "effectType": "RGBSplit",
          "name": "Effect",
          "doubleParameters": {
            "blueX": 0,
            "blueY": 10,
            "greenX": 0,
            "greenY": 0,
            "redX": -10,
            "redY": 1
          },
          "stringParameters": {},
          "booleanParameters": {}
        },
        {
          "effectType": "Glow",
          "name": "Effect2",
          "doubleParameters": {
            "distance": 15,
            "innerStrength": 1,
            "outerStrength": 2
          },
          "stringParameters": {
            "color": "122;230;0"
          },
          "booleanParameters": {}
        }
      ],
      "behaviors": [
        {
          "name": "ButtonFSM",
          "type": "ButtonStates::ButtonFSM",
          "ShouldCheckHovering": true,
          "State": "Idle",
          "TouchId": 0,
          "TouchIsInside": false,
          "MouseIsInside": false,
          "Index": 0
        }
      ],
      "animations": [
        {
          "name": "",
          "useMultipleDirections": false,
          "directions": [
            {
              "looping": true,
              "timeBetweenFrames": 0.025,
              "sprites": [
                {
                  "hasCustomCollisionMask": false,
                  "image": "Start button.png",
                  "points": [],
                  "originPoint": {
                    "name": "origine",
                    "x": 0,
                    "y": 0
                  },
                  "centerPoint": {
                    "automatic": true,
                    "name": "centre",
                    "x": 0,
                    "y": 0
                  },
                  "customCollisionMask": []
                }
              ]
            }
          ]
        }
      ]
    }
  ],
  "events": [
    {
      "type": "BuiltinCommonInstructions::Standard",
      "conditions": [
        {
          "type": {
            "value": "ButtonStates::ButtonFSM::IsPressed"
          },
          "parameters": [
            "StartButton",
            "ButtonFSM",
            ""
          ]
        }
      ],
      "actions": [
        {
          "type": {
            "value": "Scene"
          },
          "parameters": [
            "",
            "\"easy\"",
            ""
          ]
        }
      ]
    }
  ],
  "layers": [
    {
      "ambientLightColorB": 200,
      "ambientLightColorG": 200,
      "ambientLightColorR": 200,
      "camera3DFarPlaneDistance": 10000,
      "camera3DFieldOfView": 45,
      "camera3DNearPlaneDistance": 0.1,
      "followBaseLayerCamera": false,
      "isLightingLayer": false,
      "isLocked": false,
      "name": "",
      "renderingType": "",
      "visibility": true,
      "cameras": [
        {
          "defaultSize": true,
          "defaultViewport": true,
          "height": 0,
          "viewportBottom": 1,
          "viewportLeft": 0,
          "viewportRight": 1,
          "viewportTop": 0,
          "width": 0
        }
      ],
      "effects": []
    }
  ],
  "behaviorsSharedData": [
    {
      "name": "ButtonFSM",
      "type": "ButtonStates::ButtonFSM"
    }
  ]
}