{
  "b": 209,
  "disableInputWhenNotFocused": true,
  "mangledName": "question",
  "name": "question",
  "r": 209,
  "standardSortMethod": true,
  "stopSoundsOnStartup": true,
  "title": "",
  "v": 209,
  "uiSettings": {
    "grid": false,
    "gridType": "rectangular",
    "gridWidth": 32,
    "gridHeight": 32,
    "gridOffsetX": 0,
    "gridOffsetY": 0,
    "gridColor": 10401023,
    "gridAlpha": 0.8,
    "snap": false,
    "zoomFactor": 0.5653158055126306,
    "windowMask": false
  },
  "objectsGroups": [],
  "variables": [],
  "instances": [
    {
      "angle": 0,
      "customSize": true,
      "depth": 0,
      "height": 72,
      "layer": "",
      "name": "NewText",
      "persistentUuid": "3a9f8125-b286-462d-a6ba-a5a9f67f3af4",
      "width": 501,
      "x": 156,
      "y": 165,
      "zOrder": 1,
      "numberProperties": [],
      "stringProperties": [],
      "initialVariables": []
    },
    {
      "angle": 0,
      "customSize": true,
      "depth": 32,
      "height": 59,
      "layer": "",
      "name": "PurpleButtonWithShadow",
      "persistentUuid": "a2993d16-a6a7-406b-b9f9-59bff583286c",
      "width": 371,
      "x": 29,
      "y": 344,
      "zOrder": 2,
      "numberProperties": [],
      "stringProperties": [],
      "initialVariables": []
    },
    {
      "angle": 0,
      "customSize": true,
      "depth": 32,
      "height": 59,
      "layer": "",
      "name": "BlueButtonWithShadow",
      "persistentUuid": "80f0d4be-4c13-413b-a445-fcdeebe2b8bd",
      "width": 359,
      "x": 407,
      "y": 342,
      "zOrder": 3,
      "numberProperties": [],
      "stringProperties": [],
      "initialVariables": []
    },
    {
      "angle": 0,
      "customSize": true,
      "depth": 32,
      "height": 59,
      "layer": "",
      "name": "GreenButtonWithShadow",
      "persistentUuid": "a4ca19dc-ce15-4002-b9d4-a0e2b2ef5d5b",
      "width": 368,
      "x": 32,
      "y": 448,
      "zOrder": 4,
      "numberProperties": [],
      "stringProperties": [],
      "initialVariables": [
        {
          "folded": true,
          "name": "Variable",
          "type": "number",
          "value": 1
        }
      ]
    },
    {
      "angle": 0,
      "customSize": true,
      "depth": 32,
      "height": 59,
      "layer": "",
      "name": "BrownButtonWithShadow",
      "persistentUuid": "bdf0f4e5-cb39-4b1f-bb98-f42577c831a1",
      "width": 357,
      "x": 408,
      "y": 449,
      "zOrder": 5,
      "numberProperties": [],
      "stringProperties": [],
      "initialVariables": []
    },
    {
      "angle": 0,
      "customSize": true,
      "depth": 0,
      "height": 614,
      "layer": "",
      "name": "NewSprite",
      "persistentUuid": "6b95cbf3-008a-4c0b-9900-31c40a9616a4",
      "width": 825,
      "x": -16,
      "y": -7,
      "zOrder": -2,
      "numberProperties": [],
      "stringProperties": [],
      "initialVariables": []
    },
    {
      "angle": 0,
      "customSize": true,
      "depth": 0,
      "height": 109,
      "layer": "",
      "name": "NewSprite3",
      "persistentUuid": "d62ac85c-3dd8-4467-bcf0-503cb2ba3799",
      "width": 526,
      "x": 138,
      "y": 138,
      "zOrder": -1,
      "numberProperties": [],
      "stringProperties": [],
      "initialVariables": []
    },
    {
      "angle": 0,
      "customSize": true,
      "depth": 0,
      "height": 99,
      "layer": "",
      "name": "LeftArrow",
      "persistentUuid": "d98a7eb9-3219-4250-af89-c602b9815b0d",
      "width": 68,
      "x": -7,
      "y": 10,
      "zOrder": 6,
      "numberProperties": [],
      "stringProperties": [],
      "initialVariables": []
    },
    {
      "angle": 0,
      "customSize": true,
      "depth": 0,
      "height": 373,
      "layer": "Popup",
      "name": "popup",
      "persistentUuid": "15ce11b3-fd37-4152-ab8e-a5ab4a059afc",
      "width": 489,
      "x": 160,
      "y": 150,
      "zOrder": 7,
      "numberProperties": [],
      "stringProperties": [],
      "initialVariables": []
    },
    {
      "angle": 0,
      "customSize": true,
      "depth": 0,
      "height": 99,
      "layer": "Popup",
      "name": "RightArrow",
      "persistentUuid": "00dbd16f-f9b9-4ecb-b120-2cd369a8434e",
      "width": 68,
      "x": 380,
      "y": 355,
      "zOrder": 8,
      "numberProperties": [],
      "stringProperties": [],
      "initialVariables": []
    },
    {
      "angle": 0,
      "customSize": true,
      "depth": 0,
      "height": 68,
      "layer": "Popup",
      "name": "NewText2",
      "persistentUuid": "887a0f78-b093-4421-991f-3bab0402c52f",
      "width": 214,
      "x": 318,
      "y": 215,
      "zOrder": 9,
      "numberProperties": [],
      "stringProperties": [],
      "initialVariables": []
    },
    {
      "angle": 0,
      "customSize": true,
      "depth": 0,
      "height": 371,
      "layer": "popwrong",
      "name": "popupwrong",
      "persistentUuid": "6050d494-aeff-4d49-a0be-7bb95dbebdf2",
      "width": 487,
      "x": 162,
      "y": 147,
      "zOrder": 10,
      "numberProperties": [],
      "stringProperties": [],
      "initialVariables": []
    },
    {
      "angle": 0,
      "customSize": true,
      "depth": 0,
      "height": 99,
      "layer": "popwrong",
      "name": "Rightwrong",
      "persistentUuid": "e4a9c3c5-b884-4f41-b29f-b980450a918c",
      "width": 68,
      "x": 382,
      "y": 361,
      "zOrder": 11,
      "numberProperties": [],
      "stringProperties": [],
      "initialVariables": []
    },
    {
      "angle": 0,
      "customSize": true,
      "depth": 0,
      "height": 52,
      "layer": "popwrong",
      "name": "newwrong",
      "persistentUuid": "0f5b8c38-e88e-45a8-8fb4-725ece2d54f5",
      "width": 372,
      "x": 225,
      "y": 214,
      "zOrder": 12,
      "numberProperties": [],
      "stringProperties": [],
      "initialVariables": []
    }
  ],
  "objects": [
    {
      "assetStoreId": "",
      "bold": true,
      "italic": false,
      "name": "NewText",
      "smoothed": true,
      "tags": "",
      "type": "TextObject::Text",
      "underlined": false,
      "variables": [],
      "effects": [],
      "behaviors": [],
      "string": "Which of the following activities is most likely to help manage ADHD symptoms?",
      "font": "",
      "textAlignment": "left",
      "characterSize": 22,
      "color": {
        "b": 255,
        "g": 255,
        "r": 255
      }
    },
    {
      "assetStoreId": "a48315b9a9c655af87118d7bb8f6be03b4dbb14e066387849b2d2d4c3600573c",
      "name": "PurpleButtonWithShadow",
      "tags": "",
      "type": "PanelSpriteButton::PanelSpriteButton",
      "variables": [],
      "effects": [],
      "behaviors": [],
      "content": {
        "LeftPadding": 16,
        "RightPadding": 16,
        "PressedLabelOffsetY": 3,
        "BottomPadding": 32,
        "TopPadding": 32,
        "HoveredFadeOutDuration": 0.25
      },
      "childrenContent": {
        "Hovered": {
          "bottomMargin": 16,
          "height": 69,
          "leftMargin": 16,
          "rightMargin": 16,
          "texture": "Purple Button With Shadow_Hovered.png",
          "tiled": true,
          "topMargin": 16,
          "width": 192
        },
        "Idle": {
          "bottomMargin": 16,
          "height": 69,
          "leftMargin": 16,
          "rightMargin": 16,
          "texture": "Purple Button With Shadow_Idle.png",
          "tiled": true,
          "topMargin": 16,
          "width": 192
        },
        "Label": {
          "bold": false,
          "italic": false,
          "smoothed": true,
          "underlined": false,
          "string": "A) Playing a musical instrument",
          "font": "CantoraOne-Regular.ttf",
          "textAlignment": "center",
          "characterSize": 25,
          "color": {
            "b": 255,
            "g": 255,
            "r": 255
          }
        },
        "Pressed": {
          "bottomMargin": 16,
          "height": 69,
          "leftMargin": 16,
          "rightMargin": 16,
          "texture": "Purple Button With Shadow_Pressed.png",
          "tiled": true,
          "topMargin": 16,
          "width": 192
        }
      }
    },
    {
      "assetStoreId": "33302f0b615672a2e96316c096e13ad8d7242adba8bd5709538691894f0eae6e",
      "name": "BlueButtonWithShadow",
      "tags": "",
      "type": "PanelSpriteButton::PanelSpriteButton",
      "variables": [],
      "effects": [],
      "behaviors": [],
      "content": {
        "LeftPadding": 16,
        "RightPadding": 16,
        "PressedLabelOffsetY": 3,
        "BottomPadding": 32,
        "TopPadding": 32,
        "HoveredFadeOutDuration": 0.25
      },
      "childrenContent": {
        "Hovered": {
          "bottomMargin": 16,
          "height": 69,
          "leftMargin": 16,
          "rightMargin": 16,
          "texture": "Blue Button With Shadow_Hovered.png",
          "tiled": true,
          "topMargin": 16,
          "width": 192
        },
        "Idle": {
          "bottomMargin": 16,
          "height": 69,
          "leftMargin": 16,
          "rightMargin": 16,
          "texture": "Blue Button With Shadow_Idle.png",
          "tiled": true,
          "topMargin": 16,
          "width": 192
        },
        "Label": {
          "bold": false,
          "italic": false,
          "smoothed": true,
          "underlined": false,
          "string": "B) Going for a long walk in nature",
          "font": "CantoraOne-Regular.ttf",
          "textAlignment": "center",
          "characterSize": 25,
          "color": {
            "b": 255,
            "g": 255,
            "r": 255
          }
        },
        "Pressed": {
          "bottomMargin": 16,
          "height": 69,
          "leftMargin": 16,
          "rightMargin": 16,
          "texture": "Blue Button With Shadow_Pressed.png",
          "tiled": true,
          "topMargin": 16,
          "width": 192
        }
      }
    },
    {
      "assetStoreId": "569b45d3c7c34f7706563239938d04ca599016ff9857ee38c945c72330d4339e",
      "name": "GreenButtonWithShadow",
      "tags": "",
      "type": "PanelSpriteButton::PanelSpriteButton",
      "variables": [
        {
          "folded": true,
          "name": "Variable",
          "type": "number",
          "value": 1
        }
      ],
      "effects": [],
      "behaviors": [],
      "content": {
        "LeftPadding": 16,
        "RightPadding": 16,
        "PressedLabelOffsetY": 3,
        "BottomPadding": 32,
        "TopPadding": 32,
        "HoveredFadeOutDuration": 0.25
      },
      "childrenContent": {
        "Hovered": {
          "bottomMargin": 16,
          "height": 69,
          "leftMargin": 16,
          "rightMargin": 16,
          "texture": "Green Button With Shadow_Hovered.png",
          "tiled": true,
          "topMargin": 16,
          "width": 192
        },
        "Idle": {
          "bottomMargin": 16,
          "height": 69,
          "leftMargin": 16,
          "rightMargin": 16,
          "texture": "Green Button With Shadow_Idle.png",
          "tiled": true,
          "topMargin": 16,
          "width": 192
        },
        "Label": {
          "bold": false,
          "italic": false,
          "smoothed": true,
          "underlined": false,
          "string": "C) Solving puzzles or playing brain-teaser games",
          "font": "CantoraOne-Regular.ttf",
          "textAlignment": "center",
          "characterSize": 25,
          "color": {
            "b": 255,
            "g": 255,
            "r": 255
          }
        },
        "Pressed": {
          "bottomMargin": 16,
          "height": 69,
          "leftMargin": 16,
          "rightMargin": 16,
          "texture": "Green Button With Shadow_Pressed.png",
          "tiled": true,
          "topMargin": 16,
          "width": 192
        }
      }
    },
    {
      "assetStoreId": "d7de738069817891a6c233618dc4fe00463738543c80009e9ef75684d5f6e8fd",
      "name": "BrownButtonWithShadow",
      "tags": "",
      "type": "PanelSpriteButton::PanelSpriteButton",
      "variables": [],
      "effects": [],
      "behaviors": [],
      "content": {
        "LeftPadding": 16,
        "RightPadding": 16,
        "PressedLabelOffsetY": 3,
        "BottomPadding": 32,
        "TopPadding": 32,
        "HoveredFadeOutDuration": 0.25
      },
      "childrenContent": {
        "Hovered": {
          "bottomMargin": 16,
          "height": 69,
          "leftMargin": 16,
          "rightMargin": 16,
          "texture": "Brown Button With Shadow_Hovered.png",
          "tiled": true,
          "topMargin": 16,
          "width": 192
        },
        "Idle": {
          "bottomMargin": 16,
          "height": 69,
          "leftMargin": 16,
          "rightMargin": 16,
          "texture": "Brown Button With Shadow_Idle.png",
          "tiled": true,
          "topMargin": 16,
          "width": 192
        },
        "Label": {
          "bold": false,
          "italic": false,
          "smoothed": true,
          "underlined": false,
          "string": "D) Engaging in regular meditation or mindfulness practices",
          "font": "CantoraOne-Regular.ttf",
          "textAlignment": "left",
          "characterSize": 22,
          "color": {
            "b": 255,
            "g": 255,
            "r": 255
          }
        },
        "Pressed": {
          "bottomMargin": 16,
          "height": 69,
          "leftMargin": 16,
          "rightMargin": 16,
          "texture": "Brown Button With Shadow_Pressed.png",
          "tiled": true,
          "topMargin": 16,
          "width": 192
        }
      }
    },
    {
      "assetStoreId": "",
      "name": "NewSprite2",
      "tags": "",
      "type": "Sprite",
      "updateIfNotVisible": false,
      "variables": [],
      "effects": [],
      "behaviors": [],
      "animations": []
    },
    {
      "assetStoreId": "",
      "name": "NewSprite",
      "tags": "",
      "type": "Sprite",
      "updateIfNotVisible": false,
      "variables": [],
      "effects": [],
      "behaviors": [],
      "animations": [
        {
          "name": "",
          "useMultipleDirections": false,
          "directions": [
            {
              "looping": false,
              "timeBetweenFrames": 0.08,
              "sprites": [
                {
                  "hasCustomCollisionMask": false,
                  "image": "assets_daus\\image\\WhatsApp Image 2023-06-06 at 11.30.32 AM.jpeg",
                  "points": [],
                  "originPoint": {
                    "name": "origine",
                    "x": 0,
                    "y": 0
                  },
                  "centerPoint": {
                    "automatic": true,
                    "name": "centre",
                    "x": 0,
                    "y": 0
                  },
                  "customCollisionMask": []
                }
              ]
            }
          ]
        }
      ]
    },
    {
      "assetStoreId": "",
      "name": "NewSprite3",
      "tags": "",
      "type": "Sprite",
      "updateIfNotVisible": false,
      "variables": [],
      "effects": [],
      "behaviors": [],
      "animations": [
        {
          "name": "",
          "useMultipleDirections": false,
          "directions": [
            {
              "looping": false,
              "timeBetweenFrames": 0.08,
              "sprites": [
                {
                  "hasCustomCollisionMask": false,
                  "image": "assets_daus\\image\\download.png",
                  "points": [],
                  "originPoint": {
                    "name": "origine",
                    "x": 0,
                    "y": 0
                  },
                  "centerPoint": {
                    "automatic": true,
                    "name": "centre",
                    "x": 0,
                    "y": 0
                  },
                  "customCollisionMask": []
                }
              ]
            }
          ]
        }
      ]
    },
    {
      "assetStoreId": "56620f58bc8730fe4a9e4a76caff40de4ca8f034e3c821da2cb73247909b5126",
      "name": "LeftArrow",
      "tags": "",
      "type": "Sprite",
      "updateIfNotVisible": false,
      "variables": [],
      "effects": [],
      "behaviors": [],
      "animations": [
        {
          "name": "",
          "useMultipleDirections": false,
          "directions": [
            {
              "looping": true,
              "timeBetweenFrames": 0.025,
              "sprites": [
                {
                  "hasCustomCollisionMask": false,
                  "image": "Left arrow.png",
                  "points": [],
                  "originPoint": {
                    "name": "origine",
                    "x": 0,
                    "y": 0
                  },
                  "centerPoint": {
                    "automatic": true,
                    "name": "centre",
                    "x": 0,
                    "y": 0
                  },
                  "customCollisionMask": []
                }
              ]
            }
          ]
        }
      ]
    },
    {
      "assetStoreId": "",
      "name": "popup",
      "tags": "",
      "type": "Sprite",
      "updateIfNotVisible": false,
      "variables": [],
      "effects": [],
      "behaviors": [
        {
          "name": "Tween",
          "type": "Tween::TweenBehavior"
        }
      ],
      "animations": [
        {
          "name": "",
          "useMultipleDirections": false,
          "directions": [
            {
              "looping": false,
              "timeBetweenFrames": 0.08,
              "sprites": [
                {
                  "hasCustomCollisionMask": false,
                  "image": "assets_daus\\image\\WhatsApp Image 2023-06-29 at 8.06.12 PM.jpeg",
                  "points": [],
                  "originPoint": {
                    "name": "origine",
                    "x": 0,
                    "y": 0
                  },
                  "centerPoint": {
                    "automatic": true,
                    "name": "centre",
                    "x": 0,
                    "y": 0
                  },
                  "customCollisionMask": []
                }
              ]
            }
          ]
        }
      ]
    },
    {
      "assetStoreId": "",
      "name": "popupwrong",
      "tags": "",
      "type": "Sprite",
      "updateIfNotVisible": false,
      "variables": [],
      "effects": [],
      "behaviors": [
        {
          "name": "Tween",
          "type": "Tween::TweenBehavior"
        }
      ],
      "animations": [
        {
          "name": "",
          "useMultipleDirections": false,
          "directions": [
            {
              "looping": false,
              "timeBetweenFrames": 0.08,
              "sprites": [
                {
                  "hasCustomCollisionMask": false,
                  "image": "assets_daus\\image\\WhatsApp Image 2023-06-29 at 8.06.12 PM.jpeg",
                  "points": [],
                  "originPoint": {
                    "name": "origine",
                    "x": 0,
                    "y": 0
                  },
                  "centerPoint": {
                    "automatic": true,
                    "name": "centre",
                    "x": 0,
                    "y": 0
                  },
                  "customCollisionMask": []
                }
              ]
            }
          ]
        }
      ]
    },
    {
      "assetStoreId": "ed150d95b590f97deda65902f26379fd804a3a6d1cb89344efc4d0ddbbc9dc3c",
      "name": "RightArrow",
      "tags": "",
      "type": "Sprite",
      "updateIfNotVisible": false,
      "variables": [],
      "effects": [],
      "behaviors": [
        {
          "name": "Tween",
          "type": "Tween::TweenBehavior"
        }
      ],
      "animations": [
        {
          "name": "",
          "useMultipleDirections": false,
          "directions": [
            {
              "looping": true,
              "timeBetweenFrames": 0.025,
              "sprites": [
                {
                  "hasCustomCollisionMask": true,
                  "image": "Right arrow.png",
                  "points": [],
                  "originPoint": {
                    "name": "origine",
                    "x": 0,
                    "y": 0
                  },
                  "centerPoint": {
                    "automatic": true,
                    "name": "centre",
                    "x": 0,
                    "y": 0
                  },
                  "customCollisionMask": [
                    [
                      {
                        "x": 0,
                        "y": 7
                      },
                      {
                        "x": 106,
                        "y": 6.5
                      },
                      {
                        "x": 106,
                        "y": 109
                      },
                      {
                        "x": 0,
                        "y": 108
                      }
                    ]
                  ]
                }
              ]
            }
          ]
        }
      ]
    },
    {
      "assetStoreId": "ed150d95b590f97deda65902f26379fd804a3a6d1cb89344efc4d0ddbbc9dc3c",
      "name": "Rightwrong",
      "tags": "",
      "type": "Sprite",
      "updateIfNotVisible": false,
      "variables": [],
      "effects": [],
      "behaviors": [
        {
          "name": "Tween",
          "type": "Tween::TweenBehavior"
        }
      ],
      "animations": [
        {
          "name": "",
          "useMultipleDirections": false,
          "directions": [
            {
              "looping": true,
              "timeBetweenFrames": 0.025,
              "sprites": [
                {
                  "hasCustomCollisionMask": true,
                  "image": "Right arrow.png",
                  "points": [],
                  "originPoint": {
                    "name": "origine",
                    "x": 0,
                    "y": 0
                  },
                  "centerPoint": {
                    "automatic": true,
                    "name": "centre",
                    "x": 0,
                    "y": 0
                  },
                  "customCollisionMask": [
                    [
                      {
                        "x": 0,
                        "y": 7
                      },
                      {
                        "x": 92,
                        "y": 7
                      },
                      {
                        "x": 92,
                        "y": 108
                      },
                      {
                        "x": 0,
                        "y": 108
                      }
                    ]
                  ]
                }
              ]
            }
          ]
        }
      ]
    },
    {
      "assetStoreId": "",
      "bold": false,
      "italic": false,
      "name": "NewText2",
      "smoothed": true,
      "tags": "",
      "type": "TextObject::Text",
      "underlined": false,
      "variables": [],
      "effects": [],
      "behaviors": [
        {
          "name": "Tween",
          "type": "Tween::TweenBehavior"
        }
      ],
      "string": "GOODJOB!",
      "font": "",
      "textAlignment": "left",
      "characterSize": 40,
      "color": {
        "b": 255,
        "g": 255,
        "r": 255
      }
    },
    {
      "assetStoreId": "",
      "bold": false,
      "italic": false,
      "name": "newwrong",
      "smoothed": true,
      "tags": "",
      "type": "TextObject::Text",
      "underlined": false,
      "variables": [],
      "effects": [],
      "behaviors": [
        {
          "name": "Tween",
          "type": "Tween::TweenBehavior"
        }
      ],
      "string": "Would you like to try again?",
      "font": "",
      "textAlignment": "center",
      "characterSize": 54,
      "color": {
        "b": 255,
        "g": 255,
        "r": 255
      }
    }
  ],
  "events": [
    {
      "type": "BuiltinCommonInstructions::Standard",
      "conditions": [
        {
          "type": {
            "value": "DepartScene"
          },
          "parameters": [
            ""
          ]
        }
      ],
      "actions": [
        {
          "type": {
            "value": "Cache"
          },
          "parameters": [
            "popup"
          ]
        },
        {
          "type": {
            "value": "Cache"
          },
          "parameters": [
            "RightArrow"
          ]
        },
        {
          "type": {
            "value": "Cache"
          },
          "parameters": [
            "NewText2"
          ]
        },
        {
          "type": {
            "value": "Cache"
          },
          "parameters": [
            "popupwrong"
          ]
        },
        {
          "type": {
            "value": "Cache"
          },
          "parameters": [
            "newwrong"
          ]
        },
        {
          "type": {
            "value": "Cache"
          },
          "parameters": [
            "Rightwrong"
          ]
        }
      ]
    },
    {
      "type": "BuiltinCommonInstructions::Standard",
      "conditions": [
        {
          "type": {
            "value": "MouseButtonPressed"
          },
          "parameters": [
            "",
            "Left"
          ]
        },
        {
          "type": {
            "value": "SourisSurObjet"
          },
          "parameters": [
            "LeftArrow",
            "",
            "",
            ""
          ]
        }
      ],
      "actions": [
        {
          "type": {
            "value": "Scene"
          },
          "parameters": [
            "",
            "\"inhaleexhale\"",
            ""
          ]
        }
      ]
    },
    {
      "type": "BuiltinCommonInstructions::Standard",
      "conditions": [
        {
          "type": {
            "value": "MouseButtonPressed"
          },
          "parameters": [
            "",
            "Left"
          ]
        },
        {
          "type": {
            "value": "SourisSurObjet"
          },
          "parameters": [
            "GreenButtonWithShadow",
            "",
            "",
            ""
          ]
        }
      ],
      "actions": [
        {
          "type": {
            "value": "Montre"
          },
          "parameters": [
            "popup",
            ""
          ]
        },
        {
          "type": {
            "value": "Montre"
          },
          "parameters": [
            "NewText2",
            ""
          ]
        },
        {
          "type": {
            "value": "Montre"
          },
          "parameters": [
            "RightArrow",
            ""
          ]
        },
        {
          "type": {
            "value": "Tween::AddObjectScaleTween"
          },
          "parameters": [
            "popup",
            "Tween",
            "\"tweenques\"",
            "1.5",
            "1.5",
            "\"bounce\"",
            "700",
            "no",
            "yes"
          ]
        },
        {
          "type": {
            "value": "Cache"
          },
          "parameters": [
            "newwrong"
          ]
        },
        {
          "type": {
            "value": "Cache"
          },
          "parameters": [
            "Rightwrong"
          ]
        },
        {
          "type": {
            "value": "Cache"
          },
          "parameters": [
            "popupwrong"
          ]
        }
      ]
    },
    {
      "type": "BuiltinCommonInstructions::Standard",
      "conditions": [],
      "actions": []
    },
    {
      "type": "BuiltinCommonInstructions::Standard",
      "conditions": [
        {
          "type": {
            "value": "MouseButtonPressed"
          },
          "parameters": [
            "",
            "Left"
          ]
        },
        {
          "type": {
            "value": "SourisSurObjet"
          },
          "parameters": [
            "PurpleButtonWithShadow",
            "",
            "",
            ""
          ]
        }
      ],
      "actions": [
        {
          "type": {
            "value": "Cache"
          },
          "parameters": [
            "popup"
          ]
        },
        {
          "type": {
            "value": "Cache"
          },
          "parameters": [
            "NewText2"
          ]
        },
        {
          "type": {
            "value": "Cache"
          },
          "parameters": [
            "RightArrow"
          ]
        },
        {
          "type": {
            "value": "Montre"
          },
          "parameters": [
            "popupwrong",
            ""
          ]
        },
        {
          "type": {
            "value": "Montre"
          },
          "parameters": [
            "newwrong",
            ""
          ]
        },
        {
          "type": {
            "value": "Montre"
          },
          "parameters": [
            "Rightwrong",
            ""
          ]
        },
        {
          "type": {
            "value": "Tween::AddObjectScaleTween"
          },
          "parameters": [
            "popupwrong",
            "Tween",
            "\"tweenques\"",
            "1.5",
            "1.5",
            "\"bounce\"",
            "700",
            "no",
            "yes"
          ]
        }
      ]
    },
    {
      "type": "BuiltinCommonInstructions::Standard",
      "conditions": [
        {
          "type": {
            "value": "MouseButtonPressed"
          },
          "parameters": [
            "",
            "Left"
          ]
        },
        {
          "type": {
            "value": "SourisSurObjet"
          },
          "parameters": [
            "Rightwrong",
            "",
            "",
            ""
          ]
        }
      ],
      "actions": [
        {
          "type": {
            "value": "Scene"
          },
          "parameters": [
            "",
            "\"question\"",
            ""
          ]
        }
      ]
    },
    {
      "type": "BuiltinCommonInstructions::Standard",
      "conditions": [
        {
          "type": {
            "value": "MouseButtonPressed"
          },
          "parameters": [
            "",
            "Left"
          ]
        },
        {
          "type": {
            "value": "SourisSurObjet"
          },
          "parameters": [
            "BlueButtonWithShadow",
            "",
            "",
            ""
          ]
        }
      ],
      "actions": [
        {
          "type": {
            "value": "Cache"
          },
          "parameters": [
            "popup"
          ]
        },
        {
          "type": {
            "value": "Cache"
          },
          "parameters": [
            "NewText2"
          ]
        },
        {
          "type": {
            "value": "Cache"
          },
          "parameters": [
            "RightArrow"
          ]
        },
        {
          "type": {
            "value": "Montre"
          },
          "parameters": [
            "newwrong",
            ""
          ]
        },
        {
          "type": {
            "value": "Montre"
          },
          "parameters": [
            "Rightwrong",
            ""
          ]
        },
        {
          "type": {
            "value": "Tween::AddObjectScaleTween"
          },
          "parameters": [
            "popupwrong",
            "Tween",
            "\"tweenques\"",
            "1.5",
            "1.5",
            "\"bounce\"",
            "700",
            "no",
            "yes"
          ]
        },
        {
          "type": {
            "value": "Montre"
          },
          "parameters": [
            "popupwrong",
            ""
          ]
        }
      ]
    },
    {
      "type": "BuiltinCommonInstructions::Standard",
      "conditions": [
        {
          "type": {
            "value": "MouseButtonPressed"
          },
          "parameters": [
            "",
            "Left"
          ]
        },
        {
          "type": {
            "value": "SourisSurObjet"
          },
          "parameters": [
            "BrownButtonWithShadow",
            "",
            "",
            ""
          ]
        }
      ],
      "actions": [
        {
          "type": {
            "value": "Cache"
          },
          "parameters": [
            "popup"
          ]
        },
        {
          "type": {
            "value": "Cache"
          },
          "parameters": [
            "NewText2"
          ]
        },
        {
          "type": {
            "value": "Cache"
          },
          "parameters": [
            "RightArrow"
          ]
        },
        {
          "type": {
            "value": "Montre"
          },
          "parameters": [
            "newwrong",
            ""
          ]
        },
        {
          "type": {
            "value": "Montre"
          },
          "parameters": [
            "Rightwrong",
            ""
          ]
        },
        {
          "type": {
            "value": "Tween::AddObjectScaleTween"
          },
          "parameters": [
            "popupwrong",
            "Tween",
            "\"tweenques\"",
            "1.5",
            "1.5",
            "\"bounce\"",
            "700",
            "no",
            "yes"
          ]
        },
        {
          "type": {
            "value": "Montre"
          },
          "parameters": [
            "popupwrong",
            ""
          ]
        }
      ]
    },
    {
      "type": "BuiltinCommonInstructions::Standard",
      "conditions": [
        {
          "type": {
            "value": "MouseButtonPressed"
          },
          "parameters": [
            "",
            "Left"
          ]
        },
        {
          "type": {
            "value": "SourisSurObjet"
          },
          "parameters": [
            "RightArrow",
            "",
            "",
            ""
          ]
        }
      ],
      "actions": [
        {
          "type": {
            "value": "Scene"
          },
          "parameters": [
            "",
            "\"blackwhite\"",
            ""
          ]
        }
      ]
    }
  ],
  "layers": [
    {
      "ambientLightColorB": 200,
      "ambientLightColorG": 200,
      "ambientLightColorR": 200,
      "camera3DFarPlaneDistance": 10000,
      "camera3DFieldOfView": 45,
      "camera3DNearPlaneDistance": 0.1,
      "followBaseLayerCamera": false,
      "isLightingLayer": false,
      "isLocked": false,
      "name": "",
      "renderingType": "",
      "visibility": true,
      "cameras": [
        {
          "defaultSize": true,
          "defaultViewport": true,
          "height": 0,
          "viewportBottom": 1,
          "viewportLeft": 0,
          "viewportRight": 1,
          "viewportTop": 0,
          "width": 0
        }
      ],
      "effects": []
    },
    {
      "ambientLightColorB": 200,
      "ambientLightColorG": 200,
      "ambientLightColorR": 200,
      "camera3DFarPlaneDistance": 10000,
      "camera3DFieldOfView": 45,
      "camera3DNearPlaneDistance": 0.1,
      "followBaseLayerCamera": false,
      "isLightingLayer": false,
      "isLocked": false,
      "name": "Popup",
      "renderingType": "",
      "visibility": true,
      "cameras": [],
      "effects": []
    },
    {
      "ambientLightColorB": 200,
      "ambientLightColorG": 200,
      "ambientLightColorR": 200,
      "camera3DFarPlaneDistance": 10000,
      "camera3DFieldOfView": 45,
      "camera3DNearPlaneDistance": 0.1,
      "followBaseLayerCamera": false,
      "isLightingLayer": false,
      "isLocked": false,
      "name": "popwrong",
      "renderingType": "",
      "visibility": true,
      "cameras": [],
      "effects": []
    }
  ],
  "behaviorsSharedData": [
    {
      "name": "Tween",
      "type": "Tween::TweenBehavior"
    }
  ]
}