{
  "b": 209,
  "disableInputWhenNotFocused": true,
  "mangledName": "Result",
  "name": "Result",
  "r": 209,
  "standardSortMethod": true,
  "stopSoundsOnStartup": true,
  "title": "",
  "v": 209,
  "uiSettings": {
    "grid": false,
    "gridType": "rectangular",
    "gridWidth": 32,
    "gridHeight": 32,
    "gridOffsetX": 0,
    "gridOffsetY": 0,
    "gridColor": 10401023,
    "gridAlpha": 0.8,
    "snap": false,
    "zoomFactor": 0.4481978045410364,
    "windowMask": false
  },
  "objectsGroups": [],
  "variables": [],
  "instances": [
    {
      "angle": 0,
      "customSize": true,
      "depth": 0,
      "height": 609,
      "layer": "",
      "name": "NewSprite",
      "persistentUuid": "82f0cfd6-a3a8-4376-8a9c-ac7eecca57ab",
      "width": 810,
      "x": 1,
      "y": 0,
      "zOrder": 1,
      "numberProperties": [],
      "stringProperties": [],
      "initialVariables": []
    },
    {
      "angle": 0,
      "customSize": true,
      "depth": 0,
      "height": 79,
      "layer": "",
      "name": "LeftArrow",
      "persistentUuid": "eff8e4cf-6e99-4d80-ae38-f64617823826",
      "width": 58,
      "x": 8,
      "y": 15,
      "zOrder": 2,
      "numberProperties": [],
      "stringProperties": [],
      "initialVariables": []
    },
    {
      "angle": 0,
      "customSize": true,
      "depth": 0,
      "height": 175,
      "layer": "",
      "name": "NewSprite2",
      "persistentUuid": "60a18d14-6bcb-4bf3-8ee4-c29a7eb2fc52",
      "width": 548,
      "x": 144,
      "y": 185,
      "zOrder": 3,
      "numberProperties": [],
      "stringProperties": [],
      "initialVariables": []
    },
    {
      "angle": 0,
      "customSize": true,
      "depth": 32,
      "height": 58,
      "layer": "",
      "name": "BlueButtonWithShadow",
      "persistentUuid": "5c00ecc3-5f6c-4996-a30e-ccb23e8d37ca",
      "width": 181,
      "x": 330,
      "y": 423,
      "zOrder": 4,
      "numberProperties": [],
      "stringProperties": [],
      "initialVariables": []
    },
    {
      "angle": 0,
      "customSize": true,
      "depth": 0,
      "height": 329,
      "layer": "",
      "name": "POPUPP",
      "persistentUuid": "ec81face-4818-4337-a301-dcd1445f286b",
      "width": 460,
      "x": 186,
      "y": 134,
      "zOrder": 5,
      "numberProperties": [],
      "stringProperties": [],
      "initialVariables": []
    },
    {
      "angle": 0,
      "customSize": true,
      "depth": 0,
      "height": 166,
      "layer": "pop up",
      "name": "smileee",
      "persistentUuid": "1c338b80-a6e1-448c-afaf-95f02f7dbda6",
      "width": 134,
      "x": 348,
      "y": 236,
      "zOrder": 6,
      "numberProperties": [],
      "stringProperties": [],
      "initialVariables": []
    },
    {
      "angle": 0,
      "customSize": true,
      "depth": 0,
      "height": 76,
      "layer": "pop up",
      "name": "POPTEXT",
      "persistentUuid": "ce75a156-11a5-44b5-9d0c-1f9583a7989a",
      "width": 351,
      "x": 239,
      "y": 158,
      "zOrder": 7,
      "numberProperties": [],
      "stringProperties": [],
      "initialVariables": []
    },
    {
      "angle": 0,
      "customSize": true,
      "depth": 0,
      "height": 59,
      "layer": "",
      "name": "leftback",
      "persistentUuid": "009089ae-c2a5-422a-9c3a-f7049b2aac39",
      "width": 47,
      "x": 202,
      "y": 364,
      "zOrder": 8,
      "numberProperties": [],
      "stringProperties": [],
      "initialVariables": []
    }
  ],
  "objects": [
    {
      "assetStoreId": "56620f58bc8730fe4a9e4a76caff40de4ca8f034e3c821da2cb73247909b5126",
      "name": "LeftArrow",
      "tags": "",
      "type": "Sprite",
      "updateIfNotVisible": false,
      "variables": [],
      "effects": [],
      "behaviors": [],
      "animations": [
        {
          "name": "",
          "useMultipleDirections": false,
          "directions": [
            {
              "looping": true,
              "timeBetweenFrames": 0.025,
              "sprites": [
                {
                  "hasCustomCollisionMask": false,
                  "image": "Left arrow.png",
                  "points": [],
                  "originPoint": {
                    "name": "origine",
                    "x": 0,
                    "y": 0
                  },
                  "centerPoint": {
                    "automatic": true,
                    "name": "centre",
                    "x": 0,
                    "y": 0
                  },
                  "customCollisionMask": []
                }
              ]
            }
          ]
        }
      ]
    },
    {
      "assetStoreId": "",
      "name": "NewSprite",
      "tags": "",
      "type": "Sprite",
      "updateIfNotVisible": false,
      "variables": [],
      "effects": [],
      "behaviors": [],
      "animations": [
        {
          "name": "",
          "useMultipleDirections": false,
          "directions": [
            {
              "looping": false,
              "timeBetweenFrames": 0.08,
              "sprites": [
                {
                  "hasCustomCollisionMask": false,
                  "image": "assets_daus\\image\\WhatsApp Image 2023-06-06 at 11.30.32 AM.jpeg",
                  "points": [],
                  "originPoint": {
                    "name": "origine",
                    "x": 0,
                    "y": 0
                  },
                  "centerPoint": {
                    "automatic": true,
                    "name": "centre",
                    "x": 0,
                    "y": 0
                  },
                  "customCollisionMask": []
                }
              ]
            }
          ]
        }
      ]
    },
    {
      "assetStoreId": "",
      "name": "NewSprite2",
      "tags": "",
      "type": "Sprite",
      "updateIfNotVisible": false,
      "variables": [],
      "effects": [],
      "behaviors": [],
      "animations": [
        {
          "name": "",
          "useMultipleDirections": false,
          "directions": [
            {
              "looping": false,
              "timeBetweenFrames": 0.08,
              "sprites": [
                {
                  "hasCustomCollisionMask": false,
                  "image": "assets_daus\\image\\colored-flat-shape-emoticon-depiction-of-moods-from-sad-to-happy-to-measure-the-scale-of-service-com.jpg",
                  "points": [],
                  "originPoint": {
                    "name": "origine",
                    "x": 0,
                    "y": 0
                  },
                  "centerPoint": {
                    "automatic": true,
                    "name": "centre",
                    "x": 0,
                    "y": 0
                  },
                  "customCollisionMask": []
                }
              ]
            }
          ]
        }
      ]
    },
    {
      "assetStoreId": "33302f0b615672a2e96316c096e13ad8d7242adba8bd5709538691894f0eae6e",
      "name": "BlueButtonWithShadow",
      "tags": "",
      "type": "PanelSpriteButton::PanelSpriteButton",
      "variables": [],
      "effects": [],
      "behaviors": [],
      "content": {
        "LeftPadding": 16,
        "RightPadding": 16,
        "PressedLabelOffsetY": 3,
        "BottomPadding": 32,
        "TopPadding": 32,
        "HoveredFadeOutDuration": 0.25
      },
      "childrenContent": {
        "Hovered": {
          "bottomMargin": 16,
          "height": 69,
          "leftMargin": 16,
          "rightMargin": 16,
          "texture": "Blue Button With Shadow_Hovered.png",
          "tiled": true,
          "topMargin": 16,
          "width": 192
        },
        "Idle": {
          "bottomMargin": 16,
          "height": 69,
          "leftMargin": 16,
          "rightMargin": 16,
          "texture": "Blue Button With Shadow_Idle.png",
          "tiled": true,
          "topMargin": 16,
          "width": 192
        },
        "Label": {
          "bold": false,
          "italic": false,
          "smoothed": true,
          "underlined": false,
          "string": "Click Me",
          "font": "CantoraOne-Regular.ttf",
          "textAlignment": "center",
          "characterSize": 38,
          "color": {
            "b": 255,
            "g": 255,
            "r": 255
          }
        },
        "Pressed": {
          "bottomMargin": 16,
          "height": 69,
          "leftMargin": 16,
          "rightMargin": 16,
          "texture": "Blue Button With Shadow_Pressed.png",
          "tiled": true,
          "topMargin": 16,
          "width": 192
        }
      }
    },
    {
      "assetStoreId": "",
      "name": "POPUPP",
      "tags": "",
      "type": "Sprite",
      "updateIfNotVisible": false,
      "variables": [],
      "effects": [],
      "behaviors": [],
      "animations": [
        {
          "name": "",
          "useMultipleDirections": false,
          "directions": [
            {
              "looping": false,
              "timeBetweenFrames": 0.08,
              "sprites": [
                {
                  "hasCustomCollisionMask": false,
                  "image": "assets_daus\\image\\WhatsApp Image 2023-06-29 at 8.06.12 PM.jpeg",
                  "points": [],
                  "originPoint": {
                    "name": "origine",
                    "x": 0,
                    "y": 0
                  },
                  "centerPoint": {
                    "automatic": true,
                    "name": "centre",
                    "x": 0,
                    "y": 0
                  },
                  "customCollisionMask": []
                }
              ]
            }
          ]
        }
      ]
    },
    {
      "assetStoreId": "",
      "bold": false,
      "italic": false,
      "name": "POPTEXT",
      "smoothed": true,
      "tags": "",
      "type": "TextObject::Text",
      "underlined": false,
      "variables": [],
      "effects": [],
      "behaviors": [],
      "string": "YOUR EMOTION IS GOOD!",
      "font": "",
      "textAlignment": "center",
      "characterSize": 35,
      "color": {
        "b": 255,
        "g": 255,
        "r": 255
      }
    },
    {
      "assetStoreId": "",
      "name": "smileee",
      "tags": "",
      "type": "Sprite",
      "updateIfNotVisible": false,
      "variables": [],
      "effects": [],
      "behaviors": [],
      "animations": [
        {
          "name": "",
          "useMultipleDirections": false,
          "directions": [
            {
              "looping": false,
              "timeBetweenFrames": 0.08,
              "sprites": [
                {
                  "hasCustomCollisionMask": false,
                  "image": "assets_daus\\image\\qTBoEbdMc.png",
                  "points": [],
                  "originPoint": {
                    "name": "origine",
                    "x": 0,
                    "y": 0
                  },
                  "centerPoint": {
                    "automatic": true,
                    "name": "centre",
                    "x": 0,
                    "y": 0
                  },
                  "customCollisionMask": []
                }
              ]
            }
          ]
        }
      ]
    },
    {
      "assetStoreId": "56620f58bc8730fe4a9e4a76caff40de4ca8f034e3c821da2cb73247909b5126",
      "name": "leftback",
      "tags": "",
      "type": "Sprite",
      "updateIfNotVisible": false,
      "variables": [],
      "effects": [],
      "behaviors": [],
      "animations": [
        {
          "name": "",
          "useMultipleDirections": false,
          "directions": [
            {
              "looping": true,
              "timeBetweenFrames": 0.025,
              "sprites": [
                {
                  "hasCustomCollisionMask": false,
                  "image": "Left arrow.png",
                  "points": [],
                  "originPoint": {
                    "name": "origine",
                    "x": 0,
                    "y": 0
                  },
                  "centerPoint": {
                    "automatic": true,
                    "name": "centre",
                    "x": 0,
                    "y": 0
                  },
                  "customCollisionMask": []
                }
              ]
            }
          ]
        }
      ]
    }
  ],
  "events": [
    {
      "type": "BuiltinCommonInstructions::Standard",
      "conditions": [
        {
          "type": {
            "value": "DepartScene"
          },
          "parameters": [
            ""
          ]
        }
      ],
      "actions": [
        {
          "type": {
            "value": "Cache"
          },
          "parameters": [
            "leftback"
          ]
        },
        {
          "type": {
            "value": "Cache"
          },
          "parameters": [
            "smileee"
          ]
        },
        {
          "type": {
            "value": "Cache"
          },
          "parameters": [
            "POPTEXT"
          ]
        },
        {
          "type": {
            "value": "Cache"
          },
          "parameters": [
            "POPUPP"
          ]
        }
      ]
    },
    {
      "type": "BuiltinCommonInstructions::Standard",
      "conditions": [
        {
          "type": {
            "value": "MouseButtonPressed"
          },
          "parameters": [
            "",
            "Left"
          ]
        },
        {
          "type": {
            "value": "SourisSurObjet"
          },
          "parameters": [
            "leftback",
            "",
            "",
            ""
          ]
        }
      ],
      "actions": [
        {
          "type": {
            "value": "Scene"
          },
          "parameters": [
            "",
            "\"Untitled scene\"",
            ""
          ]
        }
      ]
    },
    {
      "type": "BuiltinCommonInstructions::Standard",
      "conditions": [
        {
          "type": {
            "value": "MouseButtonPressed"
          },
          "parameters": [
            "",
            "Left"
          ]
        },
        {
          "type": {
            "value": "SourisSurObjet"
          },
          "parameters": [
            "BlueButtonWithShadow",
            "",
            "",
            ""
          ]
        }
      ],
      "actions": [
        {
          "type": {
            "value": "Montre"
          },
          "parameters": [
            "POPUPP",
            ""
          ]
        },
        {
          "type": {
            "value": "Montre"
          },
          "parameters": [
            "POPTEXT",
            ""
          ]
        },
        {
          "type": {
            "value": "Montre"
          },
          "parameters": [
            "smileee",
            ""
          ]
        },
        {
          "type": {
            "value": "Montre"
          },
          "parameters": [
            "leftback",
            ""
          ]
        },
        {
          "type": {
            "value": "Tween::AddObjectScaleTween"
          },
          "parameters": [
            "POPUPP",
            "Tween",
            "\"tweenques\"",
            "1.5",
            "1.5",
            "\"bounce\"",
            "700",
            "no",
            "yes"
          ]
        }
      ]
    },
    {
      "type": "BuiltinCommonInstructions::Standard",
      "conditions": [
        {
          "type": {
            "value": "MouseButtonPressed"
          },
          "parameters": [
            "",
            "Left"
          ]
        },
        {
          "type": {
            "value": "SourisSurObjet"
          },
          "parameters": [
            "LeftArrow",
            "",
            "",
            ""
          ]
        }
      ],
      "actions": [
        {
          "type": {
            "value": "Scene"
          },
          "parameters": [
            "",
            "\"Untitled scene\"",
            ""
          ]
        }
      ]
    }
  ],
  "layers": [
    {
      "ambientLightColorB": 200,
      "ambientLightColorG": 200,
      "ambientLightColorR": 200,
      "camera3DFarPlaneDistance": 10000,
      "camera3DFieldOfView": 45,
      "camera3DNearPlaneDistance": 0.1,
      "followBaseLayerCamera": false,
      "isLightingLayer": false,
      "isLocked": false,
      "name": "",
      "renderingType": "",
      "visibility": true,
      "cameras": [
        {
          "defaultSize": true,
          "defaultViewport": true,
          "height": 0,
          "viewportBottom": 1,
          "viewportLeft": 0,
          "viewportRight": 1,
          "viewportTop": 0,
          "width": 0
        }
      ],
      "effects": []
    },
    {
      "ambientLightColorB": 200,
      "ambientLightColorG": 200,
      "ambientLightColorR": 200,
      "camera3DFarPlaneDistance": 10000,
      "camera3DFieldOfView": 45,
      "camera3DNearPlaneDistance": 0.1,
      "followBaseLayerCamera": false,
      "isLightingLayer": false,
      "isLocked": false,
      "name": "pop up",
      "renderingType": "",
      "visibility": true,
      "cameras": [],
      "effects": []
    }
  ],
  "behaviorsSharedData": []
}