{
  "b": 149,
  "disableInputWhenNotFocused": true,
  "mangledName": "scene_321",
  "name": "scene 1",
  "r": 103,
  "standardSortMethod": true,
  "stopSoundsOnStartup": false,
  "title": "",
  "v": 133,
  "uiSettings": {
    "grid": false,
    "gridType": "rectangular",
    "gridWidth": 16,
    "gridHeight": 16,
    "gridOffsetX": 0,
    "gridOffsetY": 0,
    "gridColor": 10401023,
    "gridAlpha": 0.8,
    "snap": false,
    "zoomFactor": 0.6653653921332293,
    "windowMask": false
  },
  "objectsGroups": [
    {
      "name": "cards",
      "objects": [
        {
          "name": "card_bunny"
        },
        {
          "name": "card_lion"
        },
        {
          "name": "card_meerkat"
        },
        {
          "name": "card_cat"
        },
        {
          "name": "card_cow"
        },
        {
          "name": "card_deer"
        },
        {
          "name": "card_duck"
        },
        {
          "name": "card_butterfly"
        }
      ]
    }
  ],
  "variables": [
    {
      "name": "first_card_id",
      "type": "string",
      "value": "0"
    },
    {
      "name": "num_selected",
      "type": "string",
      "value": "0"
    },
    {
      "name": "second_card_id",
      "type": "string",
      "value": "0"
    },
    {
      "name": "pairs_earned",
      "type": "string",
      "value": "0"
    },
    {
      "name": "game_state",
      "type": "string",
      "value": "player_turn"
    }
  ],
  "instances": [
    {
      "angle": 0,
      "customSize": false,
      "height": 0,
      "layer": "",
      "name": "pairs",
      "persistentUuid": "e3db13ed-7e07-4a46-a7dd-13d9677cf3c7",
      "width": 0,
      "x": 342,
      "y": 80,
      "zOrder": 7,
      "numberProperties": [],
      "stringProperties": [],
      "initialVariables": []
    },
    {
      "angle": 0,
      "customSize": false,
      "height": 0,
      "layer": "UI",
      "name": "newgame",
      "persistentUuid": "605e2130-bd6e-4e5d-9940-bc6b0c192145",
      "width": 0,
      "x": 360,
      "y": 511,
      "zOrder": 21,
      "numberProperties": [],
      "stringProperties": [],
      "initialVariables": []
    },
    {
      "angle": 0,
      "customSize": false,
      "height": 0,
      "layer": "UI",
      "name": "goodjob",
      "persistentUuid": "f1a894e4-2277-47af-85fb-ed36e6e64f91",
      "width": 0,
      "x": 100,
      "y": 192,
      "zOrder": 10,
      "numberProperties": [],
      "stringProperties": [],
      "initialVariables": []
    },
    {
      "angle": 0,
      "customSize": false,
      "height": 0,
      "layer": "",
      "name": "card_bunny",
      "persistentUuid": "025b3b2f-32ba-46c0-8bd9-66c8def7e01f",
      "width": 0,
      "x": -128,
      "y": 32,
      "zOrder": 11,
      "numberProperties": [],
      "stringProperties": [],
      "initialVariables": []
    },
    {
      "angle": 0,
      "customSize": false,
      "height": 0,
      "layer": "",
      "name": "card_bunny",
      "persistentUuid": "8aac080f-a162-4f59-94c4-8c2e4476f18c",
      "width": 0,
      "x": -192,
      "y": 32,
      "zOrder": 11,
      "numberProperties": [],
      "stringProperties": [],
      "initialVariables": []
    },
    {
      "angle": 0,
      "customSize": false,
      "height": 0,
      "layer": "",
      "name": "card_lion",
      "persistentUuid": "7d0b8f51-9ae8-4206-acf5-286e00c5d06b",
      "width": 0,
      "x": -128,
      "y": 96,
      "zOrder": 12,
      "numberProperties": [],
      "stringProperties": [],
      "initialVariables": []
    },
    {
      "angle": 0,
      "customSize": false,
      "height": 0,
      "layer": "",
      "name": "card_lion",
      "persistentUuid": "52dee945-77b2-4157-8dad-92cd2743138b",
      "width": 0,
      "x": -192,
      "y": 96,
      "zOrder": 12,
      "numberProperties": [],
      "stringProperties": [],
      "initialVariables": []
    },
    {
      "angle": 0,
      "customSize": false,
      "height": 0,
      "layer": "",
      "name": "card_meerkat",
      "persistentUuid": "fbebb30b-2842-47ca-b9f5-1d0a27d82035",
      "width": 0,
      "x": -128,
      "y": 160,
      "zOrder": 13,
      "numberProperties": [],
      "stringProperties": [],
      "initialVariables": []
    },
    {
      "angle": 0,
      "customSize": false,
      "height": 0,
      "layer": "",
      "name": "card_meerkat",
      "persistentUuid": "37bb09d8-808b-4156-a22f-49a3d409875b",
      "width": 0,
      "x": -192,
      "y": 160,
      "zOrder": 13,
      "numberProperties": [],
      "stringProperties": [],
      "initialVariables": []
    },
    {
      "angle": 0,
      "customSize": false,
      "height": 0,
      "layer": "",
      "name": "card_cat",
      "persistentUuid": "d8104d4e-eff5-487a-9354-694a69d601bd",
      "width": 0,
      "x": -128,
      "y": 224,
      "zOrder": 14,
      "numberProperties": [],
      "stringProperties": [],
      "initialVariables": []
    },
    {
      "angle": 0,
      "customSize": false,
      "height": 0,
      "layer": "",
      "name": "card_cat",
      "persistentUuid": "39dfbd14-94a4-4a0a-838c-7363415d9a75",
      "width": 0,
      "x": -192,
      "y": 224,
      "zOrder": 14,
      "numberProperties": [],
      "stringProperties": [],
      "initialVariables": []
    },
    {
      "angle": 0,
      "customSize": false,
      "height": 0,
      "layer": "",
      "name": "card_cow",
      "persistentUuid": "1d0a7956-9f61-4c13-acb9-afe0adf3eb6b",
      "width": 0,
      "x": -128,
      "y": 288,
      "zOrder": 15,
      "numberProperties": [],
      "stringProperties": [],
      "initialVariables": []
    },
    {
      "angle": 0,
      "customSize": false,
      "height": 0,
      "layer": "",
      "name": "card_cow",
      "persistentUuid": "783ad9f6-4830-4118-92e0-d9f42d3ae078",
      "width": 0,
      "x": -192,
      "y": 288,
      "zOrder": 15,
      "numberProperties": [],
      "stringProperties": [],
      "initialVariables": []
    },
    {
      "angle": 0,
      "customSize": false,
      "height": 0,
      "layer": "",
      "name": "card_deer",
      "persistentUuid": "42ff69ec-5b46-4786-a843-9ccee3642c2b",
      "width": 0,
      "x": -128,
      "y": 352,
      "zOrder": 16,
      "numberProperties": [],
      "stringProperties": [],
      "initialVariables": []
    },
    {
      "angle": 0,
      "customSize": false,
      "height": 0,
      "layer": "",
      "name": "card_deer",
      "persistentUuid": "71e365e8-bbea-4c10-b9fe-72bec05c0772",
      "width": 0,
      "x": -192,
      "y": 352,
      "zOrder": 16,
      "numberProperties": [],
      "stringProperties": [],
      "initialVariables": []
    },
    {
      "angle": 0,
      "customSize": false,
      "height": 0,
      "layer": "",
      "name": "card_duck",
      "persistentUuid": "b196fbe5-ebf8-46a3-850e-068b6f8d8d2e",
      "width": 0,
      "x": -128,
      "y": 416,
      "zOrder": 17,
      "numberProperties": [],
      "stringProperties": [],
      "initialVariables": []
    },
    {
      "angle": 0,
      "customSize": false,
      "height": 0,
      "layer": "",
      "name": "card_duck",
      "persistentUuid": "b5a6949d-8e80-469d-a905-61dfb32861ad",
      "width": 0,
      "x": -192,
      "y": 416,
      "zOrder": 17,
      "numberProperties": [],
      "stringProperties": [],
      "initialVariables": []
    },
    {
      "angle": 0,
      "customSize": false,
      "height": 0,
      "layer": "",
      "name": "card_butterfly",
      "persistentUuid": "4e5ea1db-8b88-4357-b030-bb4dcecd445d",
      "width": 0,
      "x": -128,
      "y": 480,
      "zOrder": 18,
      "numberProperties": [],
      "stringProperties": [],
      "initialVariables": []
    },
    {
      "angle": 0,
      "customSize": false,
      "height": 0,
      "layer": "",
      "name": "card_butterfly",
      "persistentUuid": "aa2ffb6f-1fc2-4e9e-80c6-72b316b09263",
      "width": 0,
      "x": -192,
      "y": 480,
      "zOrder": 18,
      "numberProperties": [],
      "stringProperties": [],
      "initialVariables": []
    },
    {
      "angle": 0,
      "customSize": false,
      "height": 0,
      "layer": "",
      "name": "position_placeholder",
      "persistentUuid": "5e3027f4-e8a2-452a-b847-a7c6d3ec738b",
      "width": 0,
      "x": 496,
      "y": 416,
      "zOrder": 19,
      "numberProperties": [],
      "stringProperties": [],
      "initialVariables": []
    },
    {
      "angle": 0,
      "customSize": false,
      "height": 0,
      "layer": "",
      "name": "position_placeholder",
      "persistentUuid": "47ac2758-9259-498c-8bd1-c1c86bc138de",
      "width": 0,
      "x": 304,
      "y": 416,
      "zOrder": 19,
      "numberProperties": [],
      "stringProperties": [],
      "initialVariables": []
    },
    {
      "angle": 0,
      "customSize": false,
      "height": 0,
      "layer": "",
      "name": "position_placeholder",
      "persistentUuid": "3fe285b2-5f38-41b7-a8b4-caf1835d3ded",
      "width": 0,
      "x": 368,
      "y": 416,
      "zOrder": 19,
      "numberProperties": [],
      "stringProperties": [],
      "initialVariables": []
    },
    {
      "angle": 0,
      "customSize": false,
      "height": 0,
      "layer": "",
      "name": "position_placeholder",
      "persistentUuid": "094011e3-5c4e-4bc6-aa32-71ba31209dee",
      "width": 0,
      "x": 432,
      "y": 416,
      "zOrder": 19,
      "numberProperties": [],
      "stringProperties": [],
      "initialVariables": []
    },
    {
      "angle": 0,
      "customSize": false,
      "height": 0,
      "layer": "",
      "name": "position_placeholder",
      "persistentUuid": "4870a5f8-b384-4aa2-b939-4b501f3663d2",
      "width": 0,
      "x": 496,
      "y": 224,
      "zOrder": 19,
      "numberProperties": [],
      "stringProperties": [],
      "initialVariables": []
    },
    {
      "angle": 0,
      "customSize": false,
      "height": 0,
      "layer": "",
      "name": "position_placeholder",
      "persistentUuid": "53bda5e1-a31d-4fcf-af3f-c310974f6ebb",
      "width": 0,
      "x": 304,
      "y": 224,
      "zOrder": 19,
      "numberProperties": [],
      "stringProperties": [],
      "initialVariables": []
    },
    {
      "angle": 0,
      "customSize": false,
      "height": 0,
      "layer": "",
      "name": "position_placeholder",
      "persistentUuid": "5dc06b59-d076-4530-b1c5-45823ff3f49f",
      "width": 0,
      "x": 368,
      "y": 224,
      "zOrder": 19,
      "numberProperties": [],
      "stringProperties": [],
      "initialVariables": []
    },
    {
      "angle": 0,
      "customSize": false,
      "height": 0,
      "layer": "",
      "name": "position_placeholder",
      "persistentUuid": "0766a2bc-785c-416b-ba19-8f9c9d37356c",
      "width": 0,
      "x": 432,
      "y": 224,
      "zOrder": 19,
      "numberProperties": [],
      "stringProperties": [],
      "initialVariables": []
    },
    {
      "angle": 0,
      "customSize": false,
      "height": 0,
      "layer": "",
      "name": "position_placeholder",
      "persistentUuid": "5c81bc30-7f89-43a6-9df7-2d2ee993eca2",
      "width": 0,
      "x": 496,
      "y": 288,
      "zOrder": 19,
      "numberProperties": [],
      "stringProperties": [],
      "initialVariables": []
    },
    {
      "angle": 0,
      "customSize": false,
      "height": 0,
      "layer": "",
      "name": "position_placeholder",
      "persistentUuid": "2970941a-67b0-44ba-af99-eeae921df908",
      "width": 0,
      "x": 304,
      "y": 288,
      "zOrder": 19,
      "numberProperties": [],
      "stringProperties": [],
      "initialVariables": []
    },
    {
      "angle": 0,
      "customSize": false,
      "height": 0,
      "layer": "",
      "name": "position_placeholder",
      "persistentUuid": "6f8ea86d-459b-46e4-8df1-008f5d05f470",
      "width": 0,
      "x": 368,
      "y": 288,
      "zOrder": 19,
      "numberProperties": [],
      "stringProperties": [],
      "initialVariables": []
    },
    {
      "angle": 0,
      "customSize": false,
      "height": 0,
      "layer": "",
      "name": "position_placeholder",
      "persistentUuid": "88a3fba5-9b89-4238-b249-791a45d98130",
      "width": 0,
      "x": 432,
      "y": 288,
      "zOrder": 19,
      "numberProperties": [],
      "stringProperties": [],
      "initialVariables": []
    },
    {
      "angle": 0,
      "customSize": false,
      "height": 0,
      "layer": "",
      "name": "position_placeholder",
      "persistentUuid": "75b536be-063d-45b3-8ae3-0abb733cf80e",
      "width": 0,
      "x": 496,
      "y": 352,
      "zOrder": 19,
      "numberProperties": [],
      "stringProperties": [],
      "initialVariables": []
    },
    {
      "angle": 0,
      "customSize": false,
      "height": 0,
      "layer": "",
      "name": "position_placeholder",
      "persistentUuid": "4b6ff847-bb59-46ab-91af-d6c7755b5eb7",
      "width": 0,
      "x": 304,
      "y": 352,
      "zOrder": 19,
      "numberProperties": [],
      "stringProperties": [],
      "initialVariables": []
    },
    {
      "angle": 0,
      "customSize": false,
      "height": 0,
      "layer": "",
      "name": "position_placeholder",
      "persistentUuid": "0b39abae-b907-44cb-9d57-9e9112948305",
      "width": 0,
      "x": 368,
      "y": 352,
      "zOrder": 19,
      "numberProperties": [],
      "stringProperties": [],
      "initialVariables": []
    },
    {
      "angle": 0,
      "customSize": false,
      "height": 0,
      "layer": "",
      "name": "position_placeholder",
      "persistentUuid": "0ffcdfb0-7f47-4ee2-8ce1-c80468480816",
      "width": 0,
      "x": 432,
      "y": 352,
      "zOrder": 19,
      "numberProperties": [],
      "stringProperties": [],
      "initialVariables": []
    },
    {
      "angle": 0,
      "customSize": true,
      "depth": 0,
      "height": 352,
      "layer": "",
      "locked": true,
      "name": "board",
      "persistentUuid": "b2f7e60e-7601-4707-b7af-1eae09f6bfcc",
      "width": 352,
      "x": 224,
      "y": 144,
      "zOrder": 0,
      "numberProperties": [],
      "stringProperties": [],
      "initialVariables": []
    },
    {
      "angle": 0,
      "customSize": false,
      "height": 0,
      "layer": "UI",
      "name": "newgame_button",
      "persistentUuid": "ae076950-e349-4224-9479-add93d43660a",
      "width": 0,
      "x": 400,
      "y": 528,
      "zOrder": 20,
      "numberProperties": [],
      "stringProperties": [],
      "initialVariables": []
    },
    {
      "angle": 0,
      "customSize": true,
      "depth": 0,
      "height": 592,
      "layer": "",
      "locked": true,
      "name": "background",
      "persistentUuid": "9d6e2597-6829-4117-b47a-85713c51e70a",
      "width": 800,
      "x": 0,
      "y": 0,
      "zOrder": -10,
      "numberProperties": [],
      "stringProperties": [],
      "initialVariables": []
    },
    {
      "angle": 0,
      "customSize": true,
      "height": 672,
      "layer": "Fade",
      "name": "screen_fade",
      "persistentUuid": "5ecba138-f364-4189-803d-8b82998eb2c2",
      "width": 864,
      "x": -32,
      "y": -32,
      "zOrder": 22,
      "numberProperties": [],
      "stringProperties": [],
      "initialVariables": []
    },
    {
      "angle": 0,
      "customSize": true,
      "depth": 0,
      "height": 672,
      "layer": "UI",
      "name": "ui_background",
      "persistentUuid": "97e9a310-1277-40e0-a459-28db677aac6e",
      "width": 864,
      "x": -32,
      "y": -32,
      "zOrder": 0,
      "numberProperties": [],
      "stringProperties": [],
      "initialVariables": []
    },
    {
      "angle": 0,
      "customSize": false,
      "height": 0,
      "layer": "UI",
      "name": "next",
      "persistentUuid": "28c55c15-22e1-4748-b7b1-4156709cca4f",
      "width": 0,
      "x": 381,
      "y": 368,
      "zOrder": 23,
      "numberProperties": [],
      "stringProperties": [],
      "initialVariables": []
    },
    {
      "angle": 0,
      "customSize": false,
      "height": 0,
      "layer": "UI",
      "name": "nextgame",
      "persistentUuid": "a968a2df-e45f-4a18-95fa-3184e6560fc7",
      "width": 0,
      "x": 344,
      "y": 351,
      "zOrder": 24,
      "numberProperties": [],
      "stringProperties": [],
      "initialVariables": []
    },
    {
      "angle": 0,
      "customSize": true,
      "depth": 0,
      "height": 48,
      "layer": "",
      "name": "stage",
      "persistentUuid": "0ad4c37f-5b7b-47ee-b3e1-316a6b14b610",
      "width": 160,
      "x": 48,
      "y": 48,
      "zOrder": 25,
      "numberProperties": [],
      "stringProperties": [],
      "initialVariables": []
    },
    {
      "angle": 0,
      "customSize": false,
      "height": 0,
      "layer": "UI",
      "name": "home",
      "persistentUuid": "3bbb8ee6-4a16-420d-bed6-ec77fec12f33",
      "width": 0,
      "x": 381,
      "y": 464,
      "zOrder": 26,
      "numberProperties": [],
      "stringProperties": [],
      "initialVariables": []
    },
    {
      "angle": 0,
      "customSize": false,
      "height": 0,
      "layer": "UI",
      "name": "hometext",
      "persistentUuid": "4057d126-5e5c-48a9-a0e2-99b028de9f35",
      "width": 0,
      "x": 352,
      "y": 447,
      "zOrder": 27,
      "numberProperties": [],
      "stringProperties": [],
      "initialVariables": []
    }
  ],
  "objects": [
    {
      "assetStoreId": "",
      "name": "card_lion",
      "tags": "",
      "type": "Sprite",
      "updateIfNotVisible": false,
      "variables": [
        {
          "name": "id",
          "type": "string",
          "value": "lion"
        }
      ],
      "effects": [],
      "behaviors": [
        {
          "name": "Tween",
          "type": "Tween::TweenBehavior"
        }
      ],
      "animations": [
        {
          "name": "front",
          "useMultipleDirections": false,
          "directions": [
            {
              "looping": false,
              "metadata": "{\"pskl\":{}}",
              "timeBetweenFrames": 0.08,
              "sprites": [
                {
                  "hasCustomCollisionMask": false,
                  "image": "assets\\image\\front11.png",
                  "points": [],
                  "originPoint": {
                    "name": "origine",
                    "x": 32,
                    "y": 32
                  },
                  "centerPoint": {
                    "automatic": true,
                    "name": "centre",
                    "x": 32,
                    "y": 32
                  },
                  "customCollisionMask": []
                }
              ]
            }
          ]
        },
        {
          "name": "back",
          "useMultipleDirections": false,
          "directions": [
            {
              "looping": false,
              "timeBetweenFrames": 0.08,
              "sprites": [
                {
                  "hasCustomCollisionMask": false,
                  "image": "assets\\card_back.png",
                  "points": [],
                  "originPoint": {
                    "name": "origine",
                    "x": 32,
                    "y": 32
                  },
                  "centerPoint": {
                    "automatic": true,
                    "name": "centre",
                    "x": 32,
                    "y": 32
                  },
                  "customCollisionMask": []
                }
              ]
            }
          ]
        }
      ]
    },
    {
      "assetStoreId": "",
      "name": "card_meerkat",
      "tags": "",
      "type": "Sprite",
      "updateIfNotVisible": false,
      "variables": [
        {
          "name": "id",
          "type": "string",
          "value": "meerkat"
        }
      ],
      "effects": [],
      "behaviors": [
        {
          "name": "Tween",
          "type": "Tween::TweenBehavior"
        }
      ],
      "animations": [
        {
          "name": "front",
          "useMultipleDirections": false,
          "directions": [
            {
              "looping": false,
              "metadata": "{\"pskl\":{}}",
              "timeBetweenFrames": 0.08,
              "sprites": [
                {
                  "hasCustomCollisionMask": false,
                  "image": "assets\\image\\front10.png",
                  "points": [],
                  "originPoint": {
                    "name": "origine",
                    "x": 32,
                    "y": 32
                  },
                  "centerPoint": {
                    "automatic": true,
                    "name": "centre",
                    "x": 32,
                    "y": 32
                  },
                  "customCollisionMask": []
                }
              ]
            }
          ]
        },
        {
          "name": "back",
          "useMultipleDirections": false,
          "directions": [
            {
              "looping": false,
              "timeBetweenFrames": 0.08,
              "sprites": [
                {
                  "hasCustomCollisionMask": false,
                  "image": "assets\\card_back.png",
                  "points": [],
                  "originPoint": {
                    "name": "origine",
                    "x": 32,
                    "y": 32
                  },
                  "centerPoint": {
                    "automatic": true,
                    "name": "centre",
                    "x": 32,
                    "y": 32
                  },
                  "customCollisionMask": []
                }
              ]
            }
          ]
        }
      ]
    },
    {
      "assetStoreId": "",
      "name": "card_cat",
      "tags": "",
      "type": "Sprite",
      "updateIfNotVisible": false,
      "variables": [
        {
          "name": "id",
          "type": "string",
          "value": "cat"
        }
      ],
      "effects": [],
      "behaviors": [
        {
          "name": "Tween",
          "type": "Tween::TweenBehavior"
        }
      ],
      "animations": [
        {
          "name": "front",
          "useMultipleDirections": false,
          "directions": [
            {
              "looping": false,
              "metadata": "{\"pskl\":{}}",
              "timeBetweenFrames": 0.08,
              "sprites": [
                {
                  "hasCustomCollisionMask": false,
                  "image": "assets\\image\\front9.png",
                  "points": [],
                  "originPoint": {
                    "name": "origine",
                    "x": 32,
                    "y": 32
                  },
                  "centerPoint": {
                    "automatic": true,
                    "name": "centre",
                    "x": 32,
                    "y": 32
                  },
                  "customCollisionMask": []
                }
              ]
            }
          ]
        },
        {
          "name": "back",
          "useMultipleDirections": false,
          "directions": [
            {
              "looping": false,
              "timeBetweenFrames": 0.08,
              "sprites": [
                {
                  "hasCustomCollisionMask": false,
                  "image": "assets\\card_back.png",
                  "points": [],
                  "originPoint": {
                    "name": "origine",
                    "x": 32,
                    "y": 32
                  },
                  "centerPoint": {
                    "automatic": true,
                    "name": "centre",
                    "x": 32,
                    "y": 32
                  },
                  "customCollisionMask": []
                }
              ]
            }
          ]
        }
      ]
    },
    {
      "assetStoreId": "",
      "name": "card_cow",
      "tags": "",
      "type": "Sprite",
      "updateIfNotVisible": false,
      "variables": [
        {
          "name": "id",
          "type": "string",
          "value": "cow"
        }
      ],
      "effects": [],
      "behaviors": [
        {
          "name": "Tween",
          "type": "Tween::TweenBehavior"
        }
      ],
      "animations": [
        {
          "name": "front",
          "useMultipleDirections": false,
          "directions": [
            {
              "looping": false,
              "metadata": "{\"pskl\":{}}",
              "timeBetweenFrames": 0.08,
              "sprites": [
                {
                  "hasCustomCollisionMask": false,
                  "image": "assets\\image\\front8.png",
                  "points": [],
                  "originPoint": {
                    "name": "origine",
                    "x": 32,
                    "y": 32
                  },
                  "centerPoint": {
                    "automatic": true,
                    "name": "centre",
                    "x": 32,
                    "y": 32
                  },
                  "customCollisionMask": []
                }
              ]
            }
          ]
        },
        {
          "name": "back",
          "useMultipleDirections": false,
          "directions": [
            {
              "looping": false,
              "timeBetweenFrames": 0.08,
              "sprites": [
                {
                  "hasCustomCollisionMask": false,
                  "image": "assets\\card_back.png",
                  "points": [],
                  "originPoint": {
                    "name": "origine",
                    "x": 32,
                    "y": 32
                  },
                  "centerPoint": {
                    "automatic": true,
                    "name": "centre",
                    "x": 32,
                    "y": 32
                  },
                  "customCollisionMask": []
                }
              ]
            }
          ]
        }
      ]
    },
    {
      "assetStoreId": "",
      "name": "card_deer",
      "tags": "",
      "type": "Sprite",
      "updateIfNotVisible": false,
      "variables": [
        {
          "name": "id",
          "type": "string",
          "value": "deer"
        }
      ],
      "effects": [],
      "behaviors": [
        {
          "name": "Tween",
          "type": "Tween::TweenBehavior"
        }
      ],
      "animations": [
        {
          "name": "front",
          "useMultipleDirections": false,
          "directions": [
            {
              "looping": false,
              "metadata": "{\"pskl\":{}}",
              "timeBetweenFrames": 0.08,
              "sprites": [
                {
                  "hasCustomCollisionMask": false,
                  "image": "assets\\image\\front7.png",
                  "points": [],
                  "originPoint": {
                    "name": "origine",
                    "x": 32,
                    "y": 32
                  },
                  "centerPoint": {
                    "automatic": true,
                    "name": "centre",
                    "x": 32,
                    "y": 32
                  },
                  "customCollisionMask": []
                }
              ]
            }
          ]
        },
        {
          "name": "back",
          "useMultipleDirections": false,
          "directions": [
            {
              "looping": false,
              "timeBetweenFrames": 0.08,
              "sprites": [
                {
                  "hasCustomCollisionMask": false,
                  "image": "assets\\card_back.png",
                  "points": [],
                  "originPoint": {
                    "name": "origine",
                    "x": 32,
                    "y": 32
                  },
                  "centerPoint": {
                    "automatic": true,
                    "name": "centre",
                    "x": 32,
                    "y": 32
                  },
                  "customCollisionMask": []
                }
              ]
            }
          ]
        }
      ]
    },
    {
      "assetStoreId": "",
      "name": "card_duck",
      "tags": "",
      "type": "Sprite",
      "updateIfNotVisible": false,
      "variables": [
        {
          "name": "id",
          "type": "string",
          "value": "duck"
        }
      ],
      "effects": [],
      "behaviors": [
        {
          "name": "Tween",
          "type": "Tween::TweenBehavior"
        }
      ],
      "animations": [
        {
          "name": "front",
          "useMultipleDirections": false,
          "directions": [
            {
              "looping": false,
              "metadata": "{\"pskl\":{}}",
              "timeBetweenFrames": 0.08,
              "sprites": [
                {
                  "hasCustomCollisionMask": false,
                  "image": "assets\\image\\front6.png",
                  "points": [],
                  "originPoint": {
                    "name": "origine",
                    "x": 32,
                    "y": 32
                  },
                  "centerPoint": {
                    "automatic": true,
                    "name": "centre",
                    "x": 32,
                    "y": 32
                  },
                  "customCollisionMask": []
                }
              ]
            }
          ]
        },
        {
          "name": "back",
          "useMultipleDirections": false,
          "directions": [
            {
              "looping": false,
              "timeBetweenFrames": 0.08,
              "sprites": [
                {
                  "hasCustomCollisionMask": false,
                  "image": "assets\\card_back.png",
                  "points": [],
                  "originPoint": {
                    "name": "origine",
                    "x": 32,
                    "y": 32
                  },
                  "centerPoint": {
                    "automatic": true,
                    "name": "centre",
                    "x": 32,
                    "y": 32
                  },
                  "customCollisionMask": []
                }
              ]
            }
          ]
        }
      ]
    },
    {
      "assetStoreId": "",
      "name": "card_butterfly",
      "tags": "",
      "type": "Sprite",
      "updateIfNotVisible": false,
      "variables": [
        {
          "name": "id",
          "type": "string",
          "value": "butterfly"
        }
      ],
      "effects": [],
      "behaviors": [
        {
          "name": "Tween",
          "type": "Tween::TweenBehavior"
        }
      ],
      "animations": [
        {
          "name": "front",
          "useMultipleDirections": false,
          "directions": [
            {
              "looping": false,
              "metadata": "{\"pskl\":{}}",
              "timeBetweenFrames": 0.08,
              "sprites": [
                {
                  "hasCustomCollisionMask": false,
                  "image": "assets\\image\\front5.png",
                  "points": [],
                  "originPoint": {
                    "name": "origine",
                    "x": 32,
                    "y": 32
                  },
                  "centerPoint": {
                    "automatic": true,
                    "name": "centre",
                    "x": 32,
                    "y": 32
                  },
                  "customCollisionMask": []
                }
              ]
            }
          ]
        },
        {
          "name": "back",
          "useMultipleDirections": false,
          "directions": [
            {
              "looping": false,
              "timeBetweenFrames": 0.08,
              "sprites": [
                {
                  "hasCustomCollisionMask": false,
                  "image": "assets\\card_back.png",
                  "points": [],
                  "originPoint": {
                    "name": "origine",
                    "x": 32,
                    "y": 32
                  },
                  "centerPoint": {
                    "automatic": true,
                    "name": "centre",
                    "x": 32,
                    "y": 32
                  },
                  "customCollisionMask": []
                }
              ]
            }
          ]
        }
      ]
    },
    {
      "assetStoreId": "",
      "name": "card_bunny",
      "tags": "",
      "type": "Sprite",
      "updateIfNotVisible": false,
      "variables": [
        {
          "name": "id",
          "type": "string",
          "value": "bunny"
        }
      ],
      "effects": [],
      "behaviors": [
        {
          "name": "Tween",
          "type": "Tween::TweenBehavior"
        }
      ],
      "animations": [
        {
          "name": "front",
          "useMultipleDirections": false,
          "directions": [
            {
              "looping": false,
              "metadata": "{\"pskl\":{}}",
              "timeBetweenFrames": 0.08,
              "sprites": [
                {
                  "hasCustomCollisionMask": false,
                  "image": "assets\\image\\front3.png",
                  "points": [],
                  "originPoint": {
                    "name": "origine",
                    "x": 32,
                    "y": 32
                  },
                  "centerPoint": {
                    "automatic": true,
                    "name": "centre",
                    "x": 32,
                    "y": 32
                  },
                  "customCollisionMask": []
                }
              ]
            }
          ]
        },
        {
          "name": "back",
          "useMultipleDirections": false,
          "directions": [
            {
              "looping": false,
              "timeBetweenFrames": 0.08,
              "sprites": [
                {
                  "hasCustomCollisionMask": false,
                  "image": "assets\\card_back.png",
                  "points": [],
                  "originPoint": {
                    "name": "origine",
                    "x": 32,
                    "y": 32
                  },
                  "centerPoint": {
                    "automatic": true,
                    "name": "centre",
                    "x": 32,
                    "y": 32
                  },
                  "customCollisionMask": []
                }
              ]
            }
          ]
        }
      ]
    },
    {
      "assetStoreId": "",
      "name": "position_placeholder",
      "tags": "",
      "type": "Sprite",
      "updateIfNotVisible": false,
      "variables": [],
      "effects": [],
      "behaviors": [],
      "animations": [
        {
          "name": "position_placeholder",
          "useMultipleDirections": false,
          "directions": [
            {
              "looping": false,
              "timeBetweenFrames": 0.08,
              "sprites": [
                {
                  "hasCustomCollisionMask": false,
                  "image": "assets\\position_placeholder-1.png",
                  "points": [],
                  "originPoint": {
                    "name": "origine",
                    "x": 32,
                    "y": 32
                  },
                  "centerPoint": {
                    "automatic": true,
                    "name": "centre",
                    "x": 0,
                    "y": 0
                  },
                  "customCollisionMask": []
                }
              ]
            }
          ]
        }
      ]
    },
    {
      "assetStoreId": "",
      "name": "next",
      "tags": "",
      "type": "Sprite",
      "updateIfNotVisible": false,
      "variables": [],
      "effects": [],
      "behaviors": [
        {
          "name": "Tween",
          "type": "Tween::TweenBehavior"
        }
      ],
      "animations": [
        {
          "name": "",
          "useMultipleDirections": false,
          "directions": [
            {
              "looping": false,
              "timeBetweenFrames": 0.08,
              "sprites": [
                {
                  "hasCustomCollisionMask": false,
                  "image": "assets\\button.png",
                  "points": [],
                  "originPoint": {
                    "name": "origine",
                    "x": 98,
                    "y": 32
                  },
                  "centerPoint": {
                    "automatic": true,
                    "name": "centre",
                    "x": 0,
                    "y": 0
                  },
                  "customCollisionMask": []
                }
              ]
            }
          ]
        }
      ]
    },
    {
      "assetStoreId": "",
      "name": "board",
      "tags": "",
      "type": "Sprite",
      "updateIfNotVisible": false,
      "variables": [],
      "effects": [],
      "behaviors": [],
      "animations": [
        {
          "name": "images/board",
          "useMultipleDirections": false,
          "directions": [
            {
              "looping": false,
              "metadata": "{\"pskl\":{}}",
              "timeBetweenFrames": 0.08,
              "sprites": [
                {
                  "hasCustomCollisionMask": false,
                  "image": "assets\\image\\images_board.png",
                  "points": [],
                  "originPoint": {
                    "name": "origine",
                    "x": 0,
                    "y": 0
                  },
                  "centerPoint": {
                    "automatic": true,
                    "name": "centre",
                    "x": 0,
                    "y": 0
                  },
                  "customCollisionMask": []
                }
              ]
            }
          ]
        }
      ]
    },
    {
      "assetStoreId": "",
      "name": "home",
      "tags": "",
      "type": "Sprite",
      "updateIfNotVisible": false,
      "variables": [],
      "effects": [],
      "behaviors": [
        {
          "name": "Tween",
          "type": "Tween::TweenBehavior"
        }
      ],
      "animations": [
        {
          "name": "images/button",
          "useMultipleDirections": false,
          "directions": [
            {
              "looping": false,
              "metadata": "{\"pskl\":{}}",
              "timeBetweenFrames": 0.08,
              "sprites": [
                {
                  "hasCustomCollisionMask": false,
                  "image": "assets\\image\\images_button.png",
                  "points": [],
                  "originPoint": {
                    "name": "origine",
                    "x": 98,
                    "y": 32
                  },
                  "centerPoint": {
                    "automatic": true,
                    "name": "centre",
                    "x": 0,
                    "y": 0
                  },
                  "customCollisionMask": []
                }
              ]
            }
          ]
        }
      ]
    },
    {
      "assetStoreId": "",
      "name": "background",
      "tags": "",
      "type": "Sprite",
      "updateIfNotVisible": false,
      "variables": [],
      "effects": [],
      "behaviors": [],
      "animations": [
        {
          "name": "images/background",
          "useMultipleDirections": false,
          "directions": [
            {
              "looping": false,
              "metadata": "{\"pskl\":{}}",
              "timeBetweenFrames": 0.08,
              "sprites": [
                {
                  "hasCustomCollisionMask": false,
                  "image": "assets\\image\\images_background.png",
                  "points": [],
                  "originPoint": {
                    "name": "origine",
                    "x": 0,
                    "y": 0
                  },
                  "centerPoint": {
                    "automatic": true,
                    "name": "centre",
                    "x": 0,
                    "y": 0
                  },
                  "customCollisionMask": []
                }
              ]
            }
          ]
        }
      ]
    },
    {
      "assetStoreId": "",
      "bold": false,
      "italic": false,
      "name": "pairs",
      "smoothed": true,
      "tags": "",
      "type": "TextObject::Text",
      "underlined": false,
      "variables": [],
      "effects": [],
      "behaviors": [
        {
          "name": "Tween",
          "type": "Tween::TweenBehavior"
        }
      ],
      "string": "Pairs: ",
      "font": "assets\\LuckiestGuy.ttf",
      "textAlignment": "",
      "characterSize": 40,
      "color": {
        "b": 48,
        "g": 211,
        "r": 179
      }
    },
    {
      "assetStoreId": "",
      "bold": false,
      "italic": false,
      "name": "nextgame",
      "smoothed": true,
      "tags": "",
      "type": "TextObject::Text",
      "underlined": false,
      "variables": [],
      "effects": [],
      "behaviors": [
        {
          "name": "Tween",
          "type": "Tween::TweenBehavior"
        }
      ],
      "string": "Next",
      "font": "assets\\LuckiestGuy.ttf",
      "textAlignment": "",
      "characterSize": 30,
      "color": {
        "b": 163,
        "g": 231,
        "r": 228
      }
    },
    {
      "assetStoreId": "",
      "bold": false,
      "italic": false,
      "name": "hometext",
      "smoothed": true,
      "tags": "",
      "type": "TextObject::Text",
      "underlined": false,
      "variables": [],
      "effects": [],
      "behaviors": [
        {
          "name": "Tween",
          "type": "Tween::TweenBehavior"
        }
      ],
      "string": "Home",
      "font": "assets\\LuckiestGuy.ttf",
      "textAlignment": "",
      "characterSize": 30,
      "color": {
        "b": 42,
        "g": 87,
        "r": 139
      }
    },
    {
      "assetStoreId": "",
      "bold": false,
      "italic": false,
      "name": "stage",
      "smoothed": true,
      "tags": "",
      "type": "TextObject::Text",
      "underlined": false,
      "variables": [],
      "effects": [],
      "behaviors": [
        {
          "name": "Tween",
          "type": "Tween::TweenBehavior"
        }
      ],
      "string": "Stage 1",
      "font": "assets\\LuckiestGuy.ttf",
      "textAlignment": "",
      "characterSize": 40,
      "color": {
        "b": 163,
        "g": 231,
        "r": 228
      }
    },
    {
      "assetStoreId": "",
      "bold": false,
      "italic": false,
      "name": "goodjob",
      "smoothed": true,
      "tags": "",
      "type": "TextObject::Text",
      "underlined": false,
      "variables": [],
      "effects": [],
      "behaviors": [],
      "string": "Good Job !",
      "font": "assets\\LuckiestGuy.ttf",
      "textAlignment": "",
      "characterSize": 120,
      "color": {
        "b": 13,
        "g": 73,
        "r": 109
      }
    },
    {
      "additive": false,
      "assetStoreId": "",
      "destroyWhenNoParticles": true,
      "emitterAngleA": 0,
      "emitterAngleB": 360,
      "emitterForceMax": 85,
      "emitterForceMin": 45,
      "flow": 45,
      "jumpForwardInTimeOnCreation": 0,
      "maxParticleNb": 25,
      "name": "star_particle",
      "particleAlpha1": 255,
      "particleAlpha2": 0,
      "particleAlphaRandomness1": 0,
      "particleAlphaRandomness2": 0,
      "particleAngle1": 15,
      "particleAngle2": 30,
      "particleAngleRandomness1": 0,
      "particleAngleRandomness2": 0,
      "particleBlue1": 255,
      "particleBlue2": 255,
      "particleGravityX": 0,
      "particleGravityY": 0,
      "particleGreen1": 255,
      "particleGreen2": 255,
      "particleLifeTimeMax": 1.5,
      "particleLifeTimeMin": 0.5,
      "particleRed1": 255,
      "particleRed2": 255,
      "particleSize1": 1,
      "particleSize2": 100,
      "particleSizeRandomness1": 0,
      "particleSizeRandomness2": 0,
      "rendererParam1": 3,
      "rendererParam2": 1,
      "rendererType": "Quad",
      "tags": "",
      "tank": 25,
      "textureParticleName": "assets\\star3.png",
      "type": "ParticleSystem::ParticleEmitter",
      "zoneRadius": 3,
      "variables": [],
      "effects": [],
      "behaviors": []
    },
    {
      "assetStoreId": "",
      "name": "screen_fade",
      "tags": "",
      "type": "Sprite",
      "updateIfNotVisible": false,
      "variables": [],
      "effects": [],
      "behaviors": [
        {
          "name": "Tween",
          "type": "Tween::TweenBehavior"
        }
      ],
      "animations": [
        {
          "name": "screen_fade",
          "useMultipleDirections": false,
          "directions": [
            {
              "looping": false,
              "timeBetweenFrames": 0.08,
              "sprites": [
                {
                  "hasCustomCollisionMask": false,
                  "image": "assets\\screen_fade-1.png",
                  "points": [],
                  "originPoint": {
                    "name": "origine",
                    "x": 0,
                    "y": 0
                  },
                  "centerPoint": {
                    "automatic": true,
                    "name": "centre",
                    "x": 0,
                    "y": 0
                  },
                  "customCollisionMask": []
                }
              ]
            }
          ]
        }
      ]
    },
    {
      "assetStoreId": "",
      "name": "ui_background",
      "tags": "",
      "type": "Sprite",
      "updateIfNotVisible": false,
      "variables": [],
      "effects": [],
      "behaviors": [
        {
          "name": "Tween",
          "type": "Tween::TweenBehavior"
        }
      ],
      "animations": [
        {
          "name": "screen_fade",
          "useMultipleDirections": false,
          "directions": [
            {
              "looping": false,
              "metadata": "{\"pskl\":{}}",
              "timeBetweenFrames": 0.08,
              "sprites": [
                {
                  "hasCustomCollisionMask": false,
                  "image": "assets\\image\\screen_fade3.png",
                  "points": [],
                  "originPoint": {
                    "name": "origine",
                    "x": 0,
                    "y": 0
                  },
                  "centerPoint": {
                    "automatic": true,
                    "name": "centre",
                    "x": 0,
                    "y": 0
                  },
                  "customCollisionMask": []
                }
              ]
            }
          ]
        }
      ]
    }
  ],
  "events": [
    {
      "colorB": 228,
      "colorG": 176,
      "colorR": 74,
      "creationTime": 0,
      "name": "Prepage the board",
      "source": "",
      "type": "BuiltinCommonInstructions::Group",
      "events": [
        {
          "type": "BuiltinCommonInstructions::Standard",
          "conditions": [
            {
              "type": {
                "value": "DepartScene"
              },
              "parameters": [
                ""
              ]
            }
          ],
          "actions": [
            {
              "type": {
                "value": "ShowLayer"
              },
              "parameters": [
                "",
                "\"Fade\""
              ]
            }
          ],
          "events": [
            {
              "type": "BuiltinCommonInstructions::Comment",
              "color": {
                "b": 109,
                "g": 230,
                "r": 255,
                "textB": 0,
                "textG": 0,
                "textR": 0
              },
              "comment": "Prevent the timer from running at the first revelation of a card"
            },
            {
              "type": "BuiltinCommonInstructions::Standard",
              "conditions": [],
              "actions": [
                {
                  "type": {
                    "value": "ResetTimer"
                  },
                  "parameters": [
                    "",
                    "\"show_cards\""
                  ]
                },
                {
                  "type": {
                    "value": "PauseTimer"
                  },
                  "parameters": [
                    "",
                    "\"show_cards\""
                  ]
                }
              ]
            },
            {
              "type": "BuiltinCommonInstructions::ForEach",
              "object": "position_placeholder",
              "conditions": [],
              "actions": [],
              "events": [
                {
                  "type": "BuiltinCommonInstructions::Comment",
                  "color": {
                    "b": 109,
                    "g": 230,
                    "r": 255,
                    "textB": 0,
                    "textG": 0,
                    "textR": 0
                  },
                  "comment": "loop through every placeholder and replace it with a random card"
                },
                {
                  "type": "BuiltinCommonInstructions::Standard",
                  "conditions": [
                    {
                      "type": {
                        "value": "AnimationName"
                      },
                      "parameters": [
                        "cards",
                        "\"front\""
                      ]
                    }
                  ],
                  "actions": [
                    {
                      "type": {
                        "value": "Tween::AddObjectPositionTween"
                      },
                      "parameters": [
                        "cards",
                        "Tween",
                        "\"fly_in\"",
                        "position_placeholder.X()",
                        "position_placeholder.Y()",
                        "\"easeOutSine\"",
                        "1000",
                        "no"
                      ]
                    }
                  ],
                  "events": [
                    {
                      "type": "BuiltinCommonInstructions::Standard",
                      "conditions": [
                        {
                          "type": {
                            "value": "AjoutHasard"
                          },
                          "parameters": [
                            "",
                            "cards"
                          ]
                        }
                      ],
                      "actions": [
                        {
                          "type": {
                            "value": "SetAnimationName"
                          },
                          "parameters": [
                            "cards",
                            "\"back\""
                          ]
                        },
                        {
                          "type": {
                            "value": "Delete"
                          },
                          "parameters": [
                            "position_placeholder",
                            ""
                          ]
                        }
                      ]
                    }
                  ]
                }
              ]
            },
            {
              "type": "BuiltinCommonInstructions::Comment",
              "color": {
                "b": 109,
                "g": 230,
                "r": 255,
                "textB": 0,
                "textG": 0,
                "textR": 0
              },
              "comment": "Fade in and remove the black sprite afterwards"
            },
            {
              "type": "BuiltinCommonInstructions::Standard",
              "conditions": [],
              "actions": [
                {
                  "type": {
                    "value": "Tween::AddObjectOpacityTween"
                  },
                  "parameters": [
                    "screen_fade",
                    "Tween",
                    "\"fade_in\"",
                    "0",
                    "\"linear\"",
                    "1000",
                    "yes"
                  ]
                }
              ]
            }
          ]
        }
      ],
      "parameters": []
    },
    {
      "colorB": 228,
      "colorG": 176,
      "colorR": 74,
      "creationTime": 0,
      "name": "Cards logic",
      "source": "",
      "type": "BuiltinCommonInstructions::Group",
      "events": [
        {
          "type": "BuiltinCommonInstructions::Standard",
          "conditions": [
            {
              "type": {
                "value": "VarSceneTxt"
              },
              "parameters": [
                "game_state",
                "=",
                "\"player_turn\""
              ]
            }
          ],
          "actions": [],
          "events": [
            {
              "type": "BuiltinCommonInstructions::Comment",
              "color": {
                "b": 109,
                "g": 230,
                "r": 255,
                "textB": 0,
                "textG": 0,
                "textR": 0
              },
              "comment": "When a hidden card is clicked"
            },
            {
              "type": "BuiltinCommonInstructions::Standard",
              "conditions": [
                {
                  "type": {
                    "value": "MouseButtonReleased"
                  },
                  "parameters": [
                    "",
                    "Left"
                  ]
                },
                {
                  "type": {
                    "value": "SourisSurObjet"
                  },
                  "parameters": [
                    "cards",
                    "",
                    "",
                    ""
                  ]
                },
                {
                  "type": {
                    "value": "AnimationName"
                  },
                  "parameters": [
                    "cards",
                    "\"back\""
                  ]
                }
              ],
              "actions": [
                {
                  "type": {
                    "value": "ModVarScene"
                  },
                  "parameters": [
                    "num_selected",
                    "+",
                    "1"
                  ]
                },
                {
                  "type": {
                    "value": "PlaySound"
                  },
                  "parameters": [
                    "",
                    "assets\\cockatrice_playcard.mp3",
                    "no",
                    "",
                    ""
                  ]
                }
              ],
              "events": [
                {
                  "type": "BuiltinCommonInstructions::Comment",
                  "color": {
                    "b": 109,
                    "g": 230,
                    "r": 255,
                    "textB": 0,
                    "textG": 0,
                    "textR": 0
                  },
                  "comment": "Uncover the card:\n1) Scale it to \"0\" on the x axis via tween animation (uncover_1)\n2) Change the animation to show the image\n3) Scale it to its original size of \"1\" via tween animation (uncover_0) - see below"
                },
                {
                  "type": "BuiltinCommonInstructions::Standard",
                  "conditions": [],
                  "actions": [
                    {
                      "type": {
                        "value": "Tween::RemoveTween"
                      },
                      "parameters": [
                        "cards",
                        "Tween",
                        "\"uncover_1\""
                      ]
                    },
                    {
                      "type": {
                        "value": "Tween::AddObjectScaleXTween"
                      },
                      "parameters": [
                        "cards",
                        "Tween",
                        "\"uncover_0\"",
                        "0",
                        "\"linear\"",
                        "125",
                        "no"
                      ]
                    }
                  ]
                },
                {
                  "type": "BuiltinCommonInstructions::Comment",
                  "color": {
                    "b": 109,
                    "g": 230,
                    "r": 255,
                    "textB": 0,
                    "textG": 0,
                    "textR": 0
                  },
                  "comment": "The second card has been revealed, remember its id"
                },
                {
                  "type": "BuiltinCommonInstructions::Standard",
                  "conditions": [
                    {
                      "type": {
                        "value": "VarScene"
                      },
                      "parameters": [
                        "num_selected",
                        "=",
                        "2"
                      ]
                    }
                  ],
                  "actions": [
                    {
                      "type": {
                        "value": "ModVarSceneTxt"
                      },
                      "parameters": [
                        "second_card_id",
                        "=",
                        "cards.VariableString(id)"
                      ]
                    }
                  ],
                  "events": [
                    {
                      "type": "BuiltinCommonInstructions::Comment",
                      "color": {
                        "b": 109,
                        "g": 230,
                        "r": 255,
                        "textB": 0,
                        "textG": 0,
                        "textR": 0
                      },
                      "comment": "Wait a moment and turn cards again"
                    },
                    {
                      "type": "BuiltinCommonInstructions::Standard",
                      "conditions": [],
                      "actions": [
                        {
                          "type": {
                            "value": "ResetTimer"
                          },
                          "parameters": [
                            "",
                            "\"show_cards\""
                          ]
                        },
                        {
                          "type": {
                            "value": "UnPauseTimer"
                          },
                          "parameters": [
                            "",
                            "\"show_cards\""
                          ]
                        },
                        {
                          "type": {
                            "value": "ModVarSceneTxt"
                          },
                          "parameters": [
                            "game_state",
                            "=",
                            "\"show_cards\""
                          ]
                        }
                      ]
                    }
                  ]
                },
                {
                  "type": "BuiltinCommonInstructions::Comment",
                  "color": {
                    "b": 109,
                    "g": 230,
                    "r": 255,
                    "textB": 0,
                    "textG": 0,
                    "textR": 0
                  },
                  "comment": "The first card has been revealed, remember its id"
                },
                {
                  "type": "BuiltinCommonInstructions::Standard",
                  "conditions": [
                    {
                      "type": {
                        "value": "VarScene"
                      },
                      "parameters": [
                        "num_selected",
                        "=",
                        "1"
                      ]
                    }
                  ],
                  "actions": [
                    {
                      "type": {
                        "value": "ModVarSceneTxt"
                      },
                      "parameters": [
                        "first_card_id",
                        "=",
                        "cards.VariableString(id)"
                      ]
                    }
                  ]
                }
              ]
            }
          ]
        },
        {
          "type": "BuiltinCommonInstructions::Standard",
          "conditions": [
            {
              "type": {
                "value": "Tween::HasFinished"
              },
              "parameters": [
                "cards",
                "Tween",
                "\"uncover_0\""
              ]
            }
          ],
          "actions": [],
          "events": [
            {
              "type": "BuiltinCommonInstructions::Standard",
              "conditions": [],
              "actions": [
                {
                  "type": {
                    "value": "SetAnimationName"
                  },
                  "parameters": [
                    "cards",
                    "\"front\""
                  ]
                },
                {
                  "type": {
                    "value": "Tween::RemoveTween"
                  },
                  "parameters": [
                    "cards",
                    "Tween",
                    "\"uncover_0\""
                  ]
                },
                {
                  "type": {
                    "value": "Tween::AddObjectScaleXTween"
                  },
                  "parameters": [
                    "cards",
                    "Tween",
                    "\"uncover_1\"",
                    "1",
                    "\"linear\"",
                    "125",
                    "no"
                  ]
                }
              ]
            }
          ]
        },
        {
          "type": "BuiltinCommonInstructions::Standard",
          "conditions": [
            {
              "type": {
                "value": "CompareTimer"
              },
              "parameters": [
                "",
                "\"show_cards\"",
                ">",
                "1.5"
              ]
            },
            {
              "type": {
                "value": "BuiltinCommonInstructions::Once"
              },
              "parameters": []
            }
          ],
          "actions": [],
          "events": [
            {
              "type": "BuiltinCommonInstructions::Standard",
              "conditions": [],
              "actions": [],
              "events": [
                {
                  "type": "BuiltinCommonInstructions::Comment",
                  "color": {
                    "b": 109,
                    "g": 230,
                    "r": 255,
                    "textB": 0,
                    "textG": 0,
                    "textR": 0
                  },
                  "comment": "A pair was found"
                },
                {
                  "type": "BuiltinCommonInstructions::Standard",
                  "conditions": [
                    {
                      "type": {
                        "value": "VarSceneTxt"
                      },
                      "parameters": [
                        "first_card_id",
                        "=",
                        "VariableString(second_card_id)"
                      ]
                    }
                  ],
                  "actions": [
                    {
                      "type": {
                        "value": "ModVarScene"
                      },
                      "parameters": [
                        "pairs_earned",
                        "+",
                        "1"
                      ]
                    },
                    {
                      "type": {
                        "value": "TextObject::ChangeColor"
                      },
                      "parameters": [
                        "pairs",
                        "\"255;255;255\""
                      ]
                    },
                    {
                      "type": {
                        "value": "Tween::AddObjectColorTween"
                      },
                      "parameters": [
                        "pairs",
                        "Tween",
                        "\"flash\"",
                        "\"179;211;48\"",
                        "\"easeInOutQuad\"",
                        "250",
                        "no"
                      ]
                    }
                  ],
                  "events": [
                    {
                      "type": "BuiltinCommonInstructions::Comment",
                      "color": {
                        "b": 109,
                        "g": 230,
                        "r": 255,
                        "textB": 0,
                        "textG": 0,
                        "textR": 0
                      },
                      "comment": "Remove the pair (doesn't matter if first or second is compared)"
                    },
                    {
                      "type": "BuiltinCommonInstructions::Standard",
                      "conditions": [],
                      "actions": [
                        {
                          "type": {
                            "value": "AjoutObjConcern"
                          },
                          "parameters": [
                            "",
                            "cards"
                          ]
                        }
                      ],
                      "events": [
                        {
                          "type": "BuiltinCommonInstructions::Standard",
                          "conditions": [
                            {
                              "type": {
                                "value": "VarObjetTxt"
                              },
                              "parameters": [
                                "cards",
                                "id",
                                "=",
                                "VariableString(first_card_id)"
                              ]
                            }
                          ],
                          "actions": [],
                          "events": [
                            {
                              "type": "BuiltinCommonInstructions::ForEach",
                              "object": "cards",
                              "conditions": [],
                              "actions": [],
                              "events": [
                                {
                                  "type": "BuiltinCommonInstructions::Standard",
                                  "conditions": [],
                                  "actions": [
                                    {
                                      "type": {
                                        "value": "Create"
                                      },
                                      "parameters": [
                                        "",
                                        "star_particle",
                                        "cards.X()",
                                        "cards.Y()",
                                        ""
                                      ]
                                    },
                                    {
                                      "type": {
                                        "value": "ChangePlan"
                                      },
                                      "parameters": [
                                        "star_particle",
                                        "=",
                                        "100"
                                      ]
                                    },
                                    {
                                      "type": {
                                        "value": "PlaySound"
                                      },
                                      "parameters": [
                                        "",
                                        "assets\\cuckoo.wav",
                                        "no",
                                        "",
                                        ""
                                      ]
                                    }
                                  ]
                                },
                                {
                                  "type": "BuiltinCommonInstructions::Comment",
                                  "color": {
                                    "b": 109,
                                    "g": 230,
                                    "r": 255,
                                    "textB": 0,
                                    "textG": 0,
                                    "textR": 0
                                  },
                                  "comment": "Tween the size of the card to \"0\" and remove the card object afterwards"
                                },
                                {
                                  "type": "BuiltinCommonInstructions::Standard",
                                  "conditions": [
                                    {
                                      "type": {
                                        "value": "BuiltinCommonInstructions::Once"
                                      },
                                      "parameters": []
                                    }
                                  ],
                                  "actions": [
                                    {
                                      "type": {
                                        "value": "Tween::AddObjectScaleTween"
                                      },
                                      "parameters": [
                                        "cards",
                                        "Tween",
                                        "\"vanish\"",
                                        "0",
                                        "0",
                                        "\"elastic\"",
                                        "1000",
                                        "yes"
                                      ]
                                    }
                                  ]
                                }
                              ]
                            }
                          ]
                        }
                      ]
                    }
                  ]
                },
                {
                  "type": "BuiltinCommonInstructions::Comment",
                  "color": {
                    "b": 109,
                    "g": 230,
                    "r": 255,
                    "textB": 0,
                    "textG": 0,
                    "textR": 0
                  },
                  "comment": "Cover the cards again:\n1) Scale it to \"0\" on the x axis via tween animation (cover_1)\n2) Change the animation to show the back side\n3) Scale it to its original size of \"1\" via tween animation (cover_0) - see below"
                },
                {
                  "type": "BuiltinCommonInstructions::Standard",
                  "conditions": [
                    {
                      "type": {
                        "value": "AnimationName"
                      },
                      "parameters": [
                        "cards",
                        "\"front\""
                      ]
                    },
                    {
                      "type": {
                        "value": "BuiltinCommonInstructions::Once"
                      },
                      "parameters": []
                    }
                  ],
                  "actions": [
                    {
                      "type": {
                        "value": "Tween::RemoveTween"
                      },
                      "parameters": [
                        "cards",
                        "Tween",
                        "\"cover_1\""
                      ]
                    },
                    {
                      "type": {
                        "value": "Tween::AddObjectScaleXTween"
                      },
                      "parameters": [
                        "cards",
                        "Tween",
                        "\"cover_0\"",
                        "0",
                        "\"linear\"",
                        "125",
                        "no"
                      ]
                    }
                  ]
                },
                {
                  "type": "BuiltinCommonInstructions::Comment",
                  "color": {
                    "b": 109,
                    "g": 230,
                    "r": 255,
                    "textB": 0,
                    "textG": 0,
                    "textR": 0
                  },
                  "comment": "Reset shown pair ids"
                },
                {
                  "type": "BuiltinCommonInstructions::Standard",
                  "conditions": [],
                  "actions": [
                    {
                      "type": {
                        "value": "ModVarScene"
                      },
                      "parameters": [
                        "first_card_id",
                        "=",
                        "0"
                      ]
                    },
                    {
                      "type": {
                        "value": "ModVarScene"
                      },
                      "parameters": [
                        "second_card_id",
                        "=",
                        "0"
                      ]
                    },
                    {
                      "type": {
                        "value": "ModVarScene"
                      },
                      "parameters": [
                        "num_selected",
                        "=",
                        "0"
                      ]
                    }
                  ]
                }
              ]
            },
            {
              "type": "BuiltinCommonInstructions::Standard",
              "conditions": [],
              "actions": [
                {
                  "type": {
                    "value": "ModVarSceneTxt"
                  },
                  "parameters": [
                    "game_state",
                    "=",
                    "\"player_turn\""
                  ]
                },
                {
                  "type": {
                    "value": "PauseTimer"
                  },
                  "parameters": [
                    "",
                    "\"show_cards\""
                  ]
                }
              ]
            }
          ]
        },
        {
          "type": "BuiltinCommonInstructions::Standard",
          "conditions": [
            {
              "type": {
                "value": "Tween::HasFinished"
              },
              "parameters": [
                "cards",
                "Tween",
                "\"cover_0\""
              ]
            },
            {
              "type": {
                "value": "BuiltinCommonInstructions::Once"
              },
              "parameters": []
            }
          ],
          "actions": [],
          "events": [
            {
              "type": "BuiltinCommonInstructions::Standard",
              "conditions": [],
              "actions": [
                {
                  "type": {
                    "value": "SetAnimationName"
                  },
                  "parameters": [
                    "cards",
                    "\"back\""
                  ]
                },
                {
                  "type": {
                    "value": "Tween::RemoveTween"
                  },
                  "parameters": [
                    "cards",
                    "Tween",
                    "\"cover_0\""
                  ]
                },
                {
                  "type": {
                    "value": "Tween::AddObjectScaleXTween"
                  },
                  "parameters": [
                    "cards",
                    "Tween",
                    "\"cover_1\"",
                    "1",
                    "\"linear\"",
                    "125",
                    "no"
                  ]
                }
              ]
            }
          ]
        }
      ],
      "parameters": []
    },
    {
      "colorB": 228,
      "colorG": 176,
      "colorR": 74,
      "creationTime": 0,
      "name": "GUI",
      "source": "",
      "type": "BuiltinCommonInstructions::Group",
      "events": [
        {
          "type": "BuiltinCommonInstructions::Comment",
          "color": {
            "b": 109,
            "g": 230,
            "r": 255,
            "textB": 0,
            "textG": 0,
            "textR": 0
          },
          "comment": "Update the GUI to show earned pairs"
        },
        {
          "type": "BuiltinCommonInstructions::Standard",
          "conditions": [],
          "actions": [
            {
              "type": {
                "value": "TextObject::String"
              },
              "parameters": [
                "pairs",
                "=",
                "\"Pairs: \" + VariableString(pairs_earned)"
              ]
            }
          ]
        },
        {
          "type": "BuiltinCommonInstructions::Comment",
          "color": {
            "b": 109,
            "g": 230,
            "r": 255,
            "textB": 0,
            "textG": 0,
            "textR": 0
          },
          "comment": ""
        },
        {
          "type": "BuiltinCommonInstructions::Standard",
          "conditions": [
            {
              "type": {
                "value": "LayerVisible"
              },
              "parameters": [
                "",
                "\"UI\""
              ]
            }
          ],
          "actions": [],
          "events": [
            {
              "type": "BuiltinCommonInstructions::Standard",
              "conditions": [
                {
                  "type": {
                    "value": "BuiltinCommonInstructions::Once"
                  },
                  "parameters": []
                }
              ],
              "actions": [
                {
                  "type": {
                    "value": "ChangeScale"
                  },
                  "parameters": [
                    "next",
                    "=",
                    "0.5"
                  ]
                },
                {
                  "type": {
                    "value": "Tween::AddObjectScaleTween"
                  },
                  "parameters": [
                    "next",
                    "Tween",
                    "\"pop_up_button\"",
                    "1",
                    "1",
                    "\"elastic\"",
                    "1500",
                    "no"
                  ]
                },
                {
                  "type": {
                    "value": "TextObject::ScaleX"
                  },
                  "parameters": [
                    "nextgame",
                    "=",
                    "0.5"
                  ]
                },
                {
                  "type": {
                    "value": "TextObject::ScaleY"
                  },
                  "parameters": [
                    "nextgame",
                    "=",
                    "0.5"
                  ]
                },
                {
                  "type": {
                    "value": "Tween::AddObjectScaleTween"
                  },
                  "parameters": [
                    "nextgame",
                    "Tween",
                    "\"pop_up_button_text\"",
                    "1",
                    "1",
                    "\"elastic\"",
                    "1500",
                    "no"
                  ]
                }
              ]
            },
            {
              "type": "BuiltinCommonInstructions::Comment",
              "color": {
                "b": 109,
                "g": 230,
                "r": 255,
                "textB": 0,
                "textG": 0,
                "textR": 0
              },
              "comment": "Next button"
            },
            {
              "type": "BuiltinCommonInstructions::Standard",
              "conditions": [
                {
                  "type": {
                    "value": "SourisSurObjet"
                  },
                  "parameters": [
                    "next",
                    "",
                    "",
                    ""
                  ]
                }
              ],
              "actions": [],
              "events": [
                {
                  "type": "BuiltinCommonInstructions::Comment",
                  "color": {
                    "b": 109,
                    "g": 230,
                    "r": 255,
                    "textB": 0,
                    "textG": 0,
                    "textR": 0
                  },
                  "comment": "When the mouse hovers over the button, brighten it "
                },
                {
                  "type": "BuiltinCommonInstructions::Standard",
                  "conditions": [
                    {
                      "type": {
                        "value": "BuiltinCommonInstructions::Once"
                      },
                      "parameters": []
                    }
                  ],
                  "actions": [
                    {
                      "type": {
                        "value": "Tween::AddObjectColorTween"
                      },
                      "parameters": [
                        "next",
                        "Tween",
                        "\"shine\"",
                        "\"255;255;255\"",
                        "\"easeFromTo\"",
                        "500",
                        "no",
                        ""
                      ]
                    }
                  ]
                },
                {
                  "type": "BuiltinCommonInstructions::Standard",
                  "conditions": [
                    {
                      "type": {
                        "value": "MouseButtonReleased"
                      },
                      "parameters": [
                        "",
                        "Left"
                      ]
                    }
                  ],
                  "actions": [
                    {
                      "type": {
                        "value": "PlaySound"
                      },
                      "parameters": [
                        "",
                        "assets\\pop.ogg",
                        "no",
                        "",
                        ""
                      ]
                    },
                    {
                      "type": {
                        "value": "Scene"
                      },
                      "parameters": [
                        "",
                        "\"scene2\"",
                        ""
                      ]
                    }
                  ]
                }
              ]
            },
            {
              "type": "BuiltinCommonInstructions::Standard",
              "conditions": [
                {
                  "type": {
                    "inverted": true,
                    "value": "SourisSurObjet"
                  },
                  "parameters": [
                    "next",
                    "",
                    "",
                    ""
                  ]
                }
              ],
              "actions": [],
              "events": [
                {
                  "type": "BuiltinCommonInstructions::Comment",
                  "color": {
                    "b": 109,
                    "g": 230,
                    "r": 255,
                    "textB": 0,
                    "textG": 0,
                    "textR": 0
                  },
                  "comment": "When the mouse leaves the button, darken it again"
                },
                {
                  "type": "BuiltinCommonInstructions::Standard",
                  "conditions": [
                    {
                      "type": {
                        "value": "BuiltinCommonInstructions::Once"
                      },
                      "parameters": []
                    }
                  ],
                  "actions": [
                    {
                      "type": {
                        "value": "Tween::AddObjectColorTween"
                      },
                      "parameters": [
                        "next",
                        "Tween",
                        "\"shine\"",
                        "\"200;200;200\"",
                        "\"easeFromTo\"",
                        "500",
                        "no"
                      ]
                    }
                  ]
                }
              ]
            }
          ]
        }
      ],
      "parameters": []
    },
    {
      "colorB": 228,
      "colorG": 176,
      "colorR": 74,
      "creationTime": 0,
      "name": "GUI",
      "source": "",
      "type": "BuiltinCommonInstructions::Group",
      "events": [
        {
          "type": "BuiltinCommonInstructions::Comment",
          "color": {
            "b": 109,
            "g": 230,
            "r": 255,
            "textB": 0,
            "textG": 0,
            "textR": 0
          },
          "comment": ""
        },
        {
          "type": "BuiltinCommonInstructions::Standard",
          "conditions": [
            {
              "type": {
                "value": "LayerVisible"
              },
              "parameters": [
                "",
                "\"UI\""
              ]
            }
          ],
          "actions": [],
          "events": [
            {
              "type": "BuiltinCommonInstructions::Standard",
              "conditions": [
                {
                  "type": {
                    "value": "BuiltinCommonInstructions::Once"
                  },
                  "parameters": []
                }
              ],
              "actions": [
                {
                  "type": {
                    "value": "ChangeScale"
                  },
                  "parameters": [
                    "home",
                    "=",
                    "0.5"
                  ]
                },
                {
                  "type": {
                    "value": "Tween::AddObjectScaleTween"
                  },
                  "parameters": [
                    "home",
                    "Tween",
                    "\"pop_up_button\"",
                    "1",
                    "1",
                    "\"elastic\"",
                    "1500",
                    "no",
                    ""
                  ]
                },
                {
                  "type": {
                    "value": "TextObject::ScaleX"
                  },
                  "parameters": [
                    "hometext",
                    "=",
                    "0.5"
                  ]
                },
                {
                  "type": {
                    "value": "TextObject::ScaleY"
                  },
                  "parameters": [
                    "hometext",
                    "=",
                    "0.5"
                  ]
                },
                {
                  "type": {
                    "value": "Tween::AddObjectScaleTween"
                  },
                  "parameters": [
                    "hometext",
                    "Tween",
                    "\"pop_up_button_text\"",
                    "1",
                    "1",
                    "\"elastic\"",
                    "1500",
                    "no",
                    ""
                  ]
                }
              ]
            },
            {
              "type": "BuiltinCommonInstructions::Comment",
              "color": {
                "b": 109,
                "g": 230,
                "r": 255,
                "textB": 0,
                "textG": 0,
                "textR": 0
              },
              "comment": "home button"
            },
            {
              "type": "BuiltinCommonInstructions::Standard",
              "conditions": [
                {
                  "type": {
                    "value": "SourisSurObjet"
                  },
                  "parameters": [
                    "home",
                    "",
                    "",
                    ""
                  ]
                }
              ],
              "actions": [],
              "events": [
                {
                  "type": "BuiltinCommonInstructions::Comment",
                  "color": {
                    "b": 109,
                    "g": 230,
                    "r": 255,
                    "textB": 0,
                    "textG": 0,
                    "textR": 0
                  },
                  "comment": "When the mouse hovers over the button, brighten it "
                },
                {
                  "type": "BuiltinCommonInstructions::Standard",
                  "conditions": [
                    {
                      "type": {
                        "value": "BuiltinCommonInstructions::Once"
                      },
                      "parameters": []
                    }
                  ],
                  "actions": [
                    {
                      "type": {
                        "value": "Tween::AddObjectColorTween"
                      },
                      "parameters": [
                        "home",
                        "Tween",
                        "\"shine\"",
                        "\"255;255;255\"",
                        "\"easeFromTo\"",
                        "500",
                        "no",
                        ""
                      ]
                    }
                  ]
                },
                {
                  "type": "BuiltinCommonInstructions::Standard",
                  "conditions": [
                    {
                      "type": {
                        "value": "MouseButtonReleased"
                      },
                      "parameters": [
                        "",
                        "Left"
                      ]
                    }
                  ],
                  "actions": [
                    {
                      "type": {
                        "value": "PlaySound"
                      },
                      "parameters": [
                        "",
                        "assets\\pop.ogg",
                        "no",
                        "",
                        ""
                      ]
                    },
                    {
                      "type": {
                        "value": "Scene"
                      },
                      "parameters": [
                        "",
                        "\"main page\"",
                        ""
                      ]
                    }
                  ]
                }
              ]
            },
            {
              "type": "BuiltinCommonInstructions::Standard",
              "conditions": [
                {
                  "type": {
                    "inverted": true,
                    "value": "SourisSurObjet"
                  },
                  "parameters": [
                    "home",
                    "",
                    "",
                    ""
                  ]
                }
              ],
              "actions": [],
              "events": [
                {
                  "type": "BuiltinCommonInstructions::Comment",
                  "color": {
                    "b": 109,
                    "g": 230,
                    "r": 255,
                    "textB": 0,
                    "textG": 0,
                    "textR": 0
                  },
                  "comment": "When the mouse leaves the button, darken it again"
                },
                {
                  "type": "BuiltinCommonInstructions::Standard",
                  "conditions": [
                    {
                      "type": {
                        "value": "BuiltinCommonInstructions::Once"
                      },
                      "parameters": []
                    }
                  ],
                  "actions": [
                    {
                      "type": {
                        "value": "Tween::AddObjectColorTween"
                      },
                      "parameters": [
                        "home",
                        "Tween",
                        "\"shine\"",
                        "\"200;200;200\"",
                        "\"easeFromTo\"",
                        "500",
                        "no",
                        ""
                      ]
                    }
                  ]
                }
              ]
            }
          ]
        }
      ],
      "parameters": []
    },
    {
      "colorB": 228,
      "colorG": 176,
      "colorR": 74,
      "creationTime": 0,
      "name": "Check if game is won",
      "source": "",
      "type": "BuiltinCommonInstructions::Group",
      "events": [
        {
          "type": "BuiltinCommonInstructions::Standard",
          "conditions": [
            {
              "type": {
                "value": "NbObjet"
              },
              "parameters": [
                "cards",
                "<=",
                "0"
              ]
            },
            {
              "type": {
                "value": "BuiltinCommonInstructions::Once"
              },
              "parameters": []
            }
          ],
          "actions": [
            {
              "type": {
                "value": "PlaySound"
              },
              "parameters": [
                "",
                "assets\\Rise.ogg",
                "no",
                "",
                ""
              ]
            },
            {
              "type": {
                "value": "Opacity"
              },
              "parameters": [
                "ui_background",
                "=",
                "0"
              ]
            },
            {
              "type": {
                "value": "ShowLayer"
              },
              "parameters": [
                "",
                "\"UI\""
              ]
            }
          ],
          "events": [
            {
              "type": "BuiltinCommonInstructions::Comment",
              "color": {
                "b": 109,
                "g": 230,
                "r": 255,
                "textB": 0,
                "textG": 0,
                "textR": 0
              },
              "comment": "Darken the screen"
            },
            {
              "type": "BuiltinCommonInstructions::Standard",
              "conditions": [],
              "actions": [
                {
                  "type": {
                    "value": "Tween::AddObjectOpacityTween"
                  },
                  "parameters": [
                    "ui_background",
                    "Tween",
                    "\"fade_out\"",
                    "175",
                    "\"linear\"",
                    "1000",
                    "no"
                  ]
                }
              ]
            }
          ]
        }
      ],
      "parameters": []
    }
  ],
  "layers": [
    {
      "ambientLightColorB": 200,
      "ambientLightColorG": 200,
      "ambientLightColorR": 200,
      "camera3DFarPlaneDistance": 10000,
      "camera3DFieldOfView": 45,
      "camera3DNearPlaneDistance": 0.1,
      "followBaseLayerCamera": false,
      "isLightingLayer": false,
      "isLocked": false,
      "name": "",
      "renderingType": "",
      "visibility": true,
      "cameras": [
        {
          "defaultSize": true,
          "defaultViewport": true,
          "height": 0,
          "viewportBottom": 1,
          "viewportLeft": 0,
          "viewportRight": 1,
          "viewportTop": 0,
          "width": 0
        }
      ],
      "effects": []
    },
    {
      "ambientLightColorB": 200,
      "ambientLightColorG": 200,
      "ambientLightColorR": 200,
      "camera3DFarPlaneDistance": 10000,
      "camera3DFieldOfView": 45,
      "camera3DNearPlaneDistance": 0.1,
      "followBaseLayerCamera": false,
      "isLightingLayer": false,
      "isLocked": false,
      "name": "UI",
      "renderingType": "",
      "visibility": false,
      "cameras": [],
      "effects": []
    },
    {
      "ambientLightColorB": 200,
      "ambientLightColorG": 200,
      "ambientLightColorR": 200,
      "camera3DFarPlaneDistance": 10000,
      "camera3DFieldOfView": 45,
      "camera3DNearPlaneDistance": 0.1,
      "followBaseLayerCamera": false,
      "isLightingLayer": false,
      "isLocked": false,
      "name": "Fade",
      "renderingType": "",
      "visibility": false,
      "cameras": [],
      "effects": []
    }
  ],
  "behaviorsSharedData": [
    {
      "name": "Tween",
      "type": "Tween::TweenBehavior"
    }
  ]
}