{
  "b": 209,
  "disableInputWhenNotFocused": true,
  "mangledName": "Try_32again2",
  "name": "Try again2",
  "r": 209,
  "standardSortMethod": true,
  "stopSoundsOnStartup": true,
  "title": "",
  "v": 209,
  "uiSettings": {
    "grid": false,
    "gridType": "rectangular",
    "gridWidth": 32,
    "gridHeight": 32,
    "gridOffsetX": 0,
    "gridOffsetY": 0,
    "gridColor": 10401023,
    "gridAlpha": 0.8,
    "snap": false,
    "zoomFactor": 0.7316080628658176,
    "windowMask": false
  },
  "objectsGroups": [],
  "variables": [],
  "instances": [
    {
      "angle": 0,
      "customSize": true,
      "depth": 0,
      "height": 143,
      "layer": "",
      "name": "NewText",
      "persistentUuid": "02a7ccfd-cd22-49d1-9e85-abc812645666",
      "width": 447,
      "x": 154,
      "y": 116,
      "zOrder": 4,
      "numberProperties": [],
      "stringProperties": [],
      "initialVariables": []
    },
    {
      "angle": 0,
      "customSize": true,
      "depth": 0,
      "height": 436,
      "layer": "",
      "name": "BlankEmote",
      "persistentUuid": "0b3faf89-9b54-42f6-b8b9-404dcc6c832b",
      "width": 562,
      "x": 104,
      "y": 64,
      "zOrder": 3,
      "numberProperties": [],
      "stringProperties": [],
      "initialVariables": []
    },
    {
      "angle": 0,
      "customSize": true,
      "depth": 0,
      "height": 98,
      "layer": "",
      "name": "Redo",
      "persistentUuid": "fe98db5e-6ed8-4f13-afbb-8a0ddf40a684",
      "width": 78,
      "x": 687,
      "y": 467,
      "zOrder": 7,
      "numberProperties": [],
      "stringProperties": [],
      "initialVariables": []
    },
    {
      "angle": 0,
      "customSize": true,
      "depth": 0,
      "height": 634,
      "layer": "",
      "name": "NewPanelSprite",
      "persistentUuid": "b798af1c-52b4-4f80-a93a-c70d4130ea9b",
      "width": 857,
      "x": -20,
      "y": -17,
      "zOrder": 2,
      "numberProperties": [],
      "stringProperties": [],
      "initialVariables": []
    }
  ],
  "objects": [
    {
      "assetStoreId": "",
      "bold": true,
      "italic": false,
      "name": "NewText",
      "smoothed": true,
      "tags": "",
      "type": "TextObject::Text",
      "underlined": false,
      "variables": [],
      "effects": [],
      "behaviors": [],
      "string": "Try Again :(\n",
      "font": "assets_focus\\Silkscreen-Regular.ttf",
      "textAlignment": "center",
      "characterSize": 100,
      "color": {
        "b": 0,
        "g": 0,
        "r": 0
      }
    },
    {
      "assetStoreId": "",
      "bottomMargin": 0,
      "height": 32,
      "leftMargin": 0,
      "name": "NewPanelSprite",
      "rightMargin": 0,
      "tags": "",
      "texture": "assets_focus\\89374e2c-d3af-4504-bc80-4e41f64124882.jpg",
      "tiled": false,
      "topMargin": 0,
      "type": "PanelSpriteObject::PanelSprite",
      "width": 32,
      "variables": [],
      "effects": [
        {
          "effectType": "Brightness",
          "name": "Effect",
          "doubleParameters": {
            "brightness": -3.2
          },
          "stringParameters": {},
          "booleanParameters": {}
        },
        {
          "effectType": "KawaseBlur",
          "name": "Effect2",
          "doubleParameters": {
            "blur": 0.5,
            "padding": 0,
            "pixelizeX": 1,
            "pixelizeY": 1,
            "quality": 3
          },
          "stringParameters": {},
          "booleanParameters": {}
        },
        {
          "effectType": "",
          "name": "Effect3",
          "doubleParameters": {},
          "stringParameters": {},
          "booleanParameters": {}
        }
      ],
      "behaviors": []
    },
    {
      "assetStoreId": "705f74c53686ea39355cf9e2d012944eace95c7e64b7559be32cd68470b82a3f",
      "name": "BlankEmote",
      "tags": "",
      "type": "Sprite",
      "updateIfNotVisible": false,
      "variables": [],
      "effects": [],
      "behaviors": [],
      "animations": [
        {
          "name": "Style 1",
          "useMultipleDirections": false,
          "directions": [
            {
              "looping": true,
              "timeBetweenFrames": 0.025,
              "sprites": [
                {
                  "hasCustomCollisionMask": false,
                  "image": "assets_focus\\Blank Emote_Style 1.png",
                  "points": [],
                  "originPoint": {
                    "name": "origine",
                    "x": 0,
                    "y": 0
                  },
                  "centerPoint": {
                    "automatic": true,
                    "name": "centre",
                    "x": 0,
                    "y": 0
                  },
                  "customCollisionMask": []
                }
              ]
            }
          ]
        },
        {
          "name": "Style 2",
          "useMultipleDirections": false,
          "directions": [
            {
              "looping": true,
              "timeBetweenFrames": 0.025,
              "sprites": [
                {
                  "hasCustomCollisionMask": false,
                  "image": "assets_focus\\Blank Emote_Style 2.png",
                  "points": [],
                  "originPoint": {
                    "name": "origine",
                    "x": 0,
                    "y": 0
                  },
                  "centerPoint": {
                    "automatic": true,
                    "name": "centre",
                    "x": 0,
                    "y": 0
                  },
                  "customCollisionMask": []
                }
              ]
            }
          ]
        },
        {
          "name": "Style 3",
          "useMultipleDirections": false,
          "directions": [
            {
              "looping": true,
              "timeBetweenFrames": 0.025,
              "sprites": [
                {
                  "hasCustomCollisionMask": false,
                  "image": "assets_focus\\Blank Emote_Style 3.png",
                  "points": [],
                  "originPoint": {
                    "name": "origine",
                    "x": 0,
                    "y": 0
                  },
                  "centerPoint": {
                    "automatic": true,
                    "name": "centre",
                    "x": 0,
                    "y": 0
                  },
                  "customCollisionMask": []
                }
              ]
            }
          ]
        },
        {
          "name": "Style 4",
          "useMultipleDirections": false,
          "directions": [
            {
              "looping": true,
              "timeBetweenFrames": 0.025,
              "sprites": [
                {
                  "hasCustomCollisionMask": false,
                  "image": "assets_focus\\Blank Emote_Style 4.png",
                  "points": [],
                  "originPoint": {
                    "name": "origine",
                    "x": 0,
                    "y": 0
                  },
                  "centerPoint": {
                    "automatic": true,
                    "name": "centre",
                    "x": 0,
                    "y": 0
                  },
                  "customCollisionMask": []
                }
              ]
            }
          ]
        },
        {
          "name": "Style 5",
          "useMultipleDirections": false,
          "directions": [
            {
              "looping": true,
              "timeBetweenFrames": 0.025,
              "sprites": [
                {
                  "hasCustomCollisionMask": false,
                  "image": "assets_focus\\Blank Emote_Style 5.png",
                  "points": [],
                  "originPoint": {
                    "name": "origine",
                    "x": 0,
                    "y": 0
                  },
                  "centerPoint": {
                    "automatic": true,
                    "name": "centre",
                    "x": 0,
                    "y": 0
                  },
                  "customCollisionMask": []
                }
              ]
            }
          ]
        },
        {
          "name": "Style 6",
          "useMultipleDirections": false,
          "directions": [
            {
              "looping": true,
              "timeBetweenFrames": 0.025,
              "sprites": [
                {
                  "hasCustomCollisionMask": false,
                  "image": "assets_focus\\Blank Emote_Style 6.png",
                  "points": [],
                  "originPoint": {
                    "name": "origine",
                    "x": 0,
                    "y": 0
                  },
                  "centerPoint": {
                    "automatic": true,
                    "name": "centre",
                    "x": 0,
                    "y": 0
                  },
                  "customCollisionMask": []
                }
              ]
            }
          ]
        },
        {
          "name": "Style 7",
          "useMultipleDirections": false,
          "directions": [
            {
              "looping": true,
              "timeBetweenFrames": 0.025,
              "sprites": [
                {
                  "hasCustomCollisionMask": false,
                  "image": "assets_focus\\Blank Emote_Style 7.png",
                  "points": [],
                  "originPoint": {
                    "name": "origine",
                    "x": 0,
                    "y": 0
                  },
                  "centerPoint": {
                    "automatic": true,
                    "name": "centre",
                    "x": 0,
                    "y": 0
                  },
                  "customCollisionMask": []
                }
              ]
            }
          ]
        }
      ]
    },
    {
      "assetStoreId": "d591109692c33c45133b47b02436a220a7afe2274c96f86f4f81a71c5101f04b",
      "name": "Next",
      "tags": "",
      "type": "Sprite",
      "updateIfNotVisible": false,
      "variables": [],
      "effects": [],
      "behaviors": [],
      "animations": [
        {
          "name": "",
          "useMultipleDirections": false,
          "directions": [
            {
              "looping": true,
              "timeBetweenFrames": 0.025,
              "sprites": [
                {
                  "hasCustomCollisionMask": false,
                  "image": "assets_focus\\Next.png",
                  "points": [],
                  "originPoint": {
                    "name": "origine",
                    "x": 0,
                    "y": 0
                  },
                  "centerPoint": {
                    "automatic": true,
                    "name": "centre",
                    "x": 0,
                    "y": 0
                  },
                  "customCollisionMask": []
                }
              ]
            }
          ]
        }
      ]
    },
    {
      "assetStoreId": "c43f7360f0717e16c110feb16e12bd0d75083a904d75479d7b1bde0cdf0a0cdf",
      "name": "Redo",
      "tags": "",
      "type": "Sprite",
      "updateIfNotVisible": false,
      "variables": [],
      "effects": [],
      "behaviors": [],
      "animations": [
        {
          "name": "",
          "useMultipleDirections": false,
          "directions": [
            {
              "looping": true,
              "timeBetweenFrames": 0.025,
              "sprites": [
                {
                  "hasCustomCollisionMask": false,
                  "image": "assets_focus\\Redo.png",
                  "points": [],
                  "originPoint": {
                    "name": "origine",
                    "x": 0,
                    "y": 0
                  },
                  "centerPoint": {
                    "automatic": true,
                    "name": "centre",
                    "x": 0,
                    "y": 0
                  },
                  "customCollisionMask": []
                }
              ]
            }
          ]
        }
      ]
    }
  ],
  "events": [
    {
      "type": "BuiltinCommonInstructions::Standard",
      "conditions": [
        {
          "type": {
            "value": "SourisSurObjet"
          },
          "parameters": [
            "Redo",
            "",
            "",
            ""
          ]
        },
        {
          "type": {
            "value": "MouseButtonReleased"
          },
          "parameters": [
            "",
            "Left"
          ]
        }
      ],
      "actions": [
        {
          "type": {
            "value": "Scene"
          },
          "parameters": [
            "",
            "\"Game 2\"",
            ""
          ]
        }
      ]
    }
  ],
  "layers": [
    {
      "ambientLightColorB": 200,
      "ambientLightColorG": 200,
      "ambientLightColorR": 200,
      "camera3DFarPlaneDistance": 10000,
      "camera3DFieldOfView": 45,
      "camera3DNearPlaneDistance": 0.1,
      "followBaseLayerCamera": false,
      "isLightingLayer": false,
      "isLocked": false,
      "name": "",
      "renderingType": "",
      "visibility": true,
      "cameras": [
        {
          "defaultSize": true,
          "defaultViewport": true,
          "height": 0,
          "viewportBottom": 1,
          "viewportLeft": 0,
          "viewportRight": 1,
          "viewportTop": 0,
          "width": 0
        }
      ],
      "effects": []
    }
  ],
  "behaviorsSharedData": []
}